AAPL,GOOG,GOOGL,C,BA,MS,MSFT,GS,BAC,NDAQ,T,WFC,AMZN,MCO,BLK,CVX,INTC,PFE,ORCL,HPQ,SBUX,CSCO,NFLX,MRK,CME,BBY,MET,EBAY,CMCSA,MA,CAT,FDX,QCOM,NKE,MCD,HD,DISCA,DISCK,PEP,STT,AMGN,HAL,ALL,MMM,AXP,COP,MDT,CCL,XOM,RTN,TXN,EA,USB,DE,UTX,ADBE,HES,M,XRX,BSX,APA,BIIB,ETFC,EXC,GE,LEN,WHR,MO,KMI,TIF,AVGO,GIS,SLB,ILMN,ETN,ETR,AES,NVDA,JNJ,LMT,AFL,AMAT,DUK,COTY,HUM,GD,HAS,IVZ,DISH,K,AON,AGN,JPM,WYNN,EXPE,PLD,L,JWN,ACN,HCA
0.026306374,-0.0016862546,-0.0066051516,0.133882,0.033311784,-0.0615789,-0.03603815,0.025944537,0.047834113,0.048278287,0.17120068,-0.020771762,0.17179453,-0.082375236,0.031152446,-0.021204183,0.08619453,-0.030866193,-0.022172475,0.17441021,-0.10991012,0.039977733,0.15843892,-0.086634375,0.03556649,0.1150351,-0.05754391,0.11746695,0.11996206,-0.059693463,0.15346657,-0.06618464,0.17689186,0.21576223,-0.050130066,0.08770986,0.22771293,-0.00018755198,0.16230352,0.028206132,0.026637193,-0.13847013,-0.028972179,-0.019894974,0.096223935,-0.007859541,-0.04790293,-0.06047502,-0.0071648033,0.031954974,0.08659643,0.016062832,0.041402314,-0.010478068,0.09847354,0.18262023,-0.070170105,0.14056726,-0.11330861,-0.10230669,-0.0872772,0.033443905,0.091147006,0.07725171,0.18036503,0.11013671,-0.1178476,-0.058052015,7.8771745e-09,0.19880995,0.019092562,0.024157576,-0.01993808,0.04187242,-0.07825995,-0.0037136287,0.13646996,0.1382644,0.013559107,0.01716692,-0.034986112,0.09031891,-0.04027951,-0.0009334117,0.16496529,0.047107663,0.13819674,0.053613927,0.12961657,0.05514986,0.05918202,-0.09904071,0.022738034,0.11042508,0.1250548,-0.053724136,-0.013875823,0.028001321,-0.032348815,-2.5168691e-23
-0.1868817,0.054349925,0.049069572,-0.003803374,-0.07909425,0.0025370275,-0.020994913,0.07939901,-0.0077060997,0.07691602,0.08132251,0.10180444,0.06899934,0.11954648,0.15706415,-0.0131429015,0.11865007,0.037983973,0.032012817,-0.0110102715,0.1365636,0.020438647,0.1579335,0.06906347,0.2007521,-0.08674578,0.22954556,0.034060482,0.05877518,0.1861614,0.06641464,0.22409886,0.06519552,0.018905343,-0.10795366,0.101917535,-0.10507781,-0.015452204,-0.049563922,0.09838799,0.21508095,-0.103766076,0.03181858,0.022064164,0.038560912,-0.056751303,0.06400656,0.23802772,0.039967142,-0.04778531,0.102129966,-0.08751562,0.14965305,0.079595484,-0.028736517,0.05695881,-0.057739712,-0.029838536,0.102847405,0.11326245,-0.107604295,-0.05746354,0.049099978,0.18052804,0.060907014,0.14999042,0.10873132,0.01809587,-0.0010849452,0.08276274,-0.010897846,0.017509567,0.045929484,0.0833397,-0.048476186,0.011203125,0.07333911,0.042720355,0.09065077,-0.025727836,0.19242117,0.07916044,0.07429407,0.004073523,0.17327315,0.02378367,0.064617954,0.18585782,-0.015946556,-0.058372393,0.045748163,0.1542154,0.05611755,0.14509074,0.017662719,0.03559943,0.0012206602,-0.04505581,0.02890753,-4.0270128e-11
-0.10716204,-0.07473721,-0.14093797,-0.10614073,-0.17829496,-0.16080484,-0.14767918,-0.18123934,-0.15307023,-0.005005197,-0.11787887,-0.1834431,-0.13963094,-0.23428516,-0.047754485,-0.03039835,-0.09058424,-0.19002773,-0.08300794,-0.05691299,-0.2472377,-0.10136118,-0.14693157,-0.21109009,-0.2646246,-0.08230112,-0.2127258,-0.14125575,-0.052228853,-0.07872042,-0.092016146,-0.16225298,-0.10826763,-0.07635599,-0.04857701,-0.09963026,0.07881942,-0.07253428,-0.19353035,-0.11042836,-0.21262766,-0.062146217,-0.22626315,-0.23323672,-0.042439908,-0.03438798,-0.14600863,-0.22387043,-0.121669695,-0.1755988,-0.04187549,0.05990385,-0.033728525,-0.02959334,-0.07257285,0.043848693,-0.044443086,0.08902257,-0.12210892,-0.1390663,-0.012338325,-0.19205165,-0.21999012,-0.11858817,-0.08983556,-0.15750617,-0.12932087,0.0057257446,-9.438449e-21,-0.08129739,-0.10741721,-0.2219787,-0.044959027,-0.22156863,-0.11520094,-0.17620298,-0.028565286,0.00061595364,-0.18501665,-0.15696493,-0.273945,-0.15547918,-0.18208963,-1.8698918e-24,-0.13899824,-0.18950681,-0.14884457,-0.007684524,-0.12425291,-0.1527173,-0.17634428,-0.027485877,-0.08973099,-0.13456924,0.025066348,-0.08318627,-0.17153066,-0.06397915,-0.031286035,7.209697e-05
-0.089812405,-0.08087296,-0.104631975,-0.08239512,-0.11230943,0.07196199,-0.014117433,-0.10407194,-0.14993049,-0.004906611,-0.14257844,-0.036535185,-0.02753586,-0.03883741,-0.13178019,0.017111273,0.021331586,-0.18931085,-0.0029725842,-0.05963099,0.14755358,0.02406468,0.054334946,-0.18359186,-0.10283423,-0.054473065,-0.14272533,0.015528006,-0.04646374,-0.028352147,0.110466026,-0.033943184,-0.0060759,0.027671546,-0.022364814,0.0039987504,-0.16275473,0.04499803,-0.054848704,-0.054343928,0.09482673,-0.0061493698,-0.17076527,0.007613119,-0.069886506,-0.0628424,0.01940979,-0.10065164,0.10578037,-0.003538418,-0.14336854,-0.102863766,-0.104954205,-0.0010853971,0.01171657,-0.10647138,-0.003055777,-0.013019642,-0.06786675,-0.18731691,0.07062067,0.013632591,0.10687448,0.11858861,-0.04120285,0.16696009,0.08877105,-0.07049973,1.5242544e-14,-0.03264818,-0.045041215,-0.022592817,0.08835698,-0.06202196,0.054424495,0.10311737,0.16784707,-0.079154976,-0.039193887,-0.011499606,-0.10514236,0.021310486,0.05421794,-2.5957865e-16,-0.019669449,0.061550155,0.108360596,-0.14485626,0.02218994,-0.0022879841,0.08681571,-0.008268035,-0.0031707878,-0.055677604,-0.13466045,-0.04542968,-0.048135325,0.018286029,0.048288867,-3.2697507e-24
0.018487763,0.062322382,0.06779955,0.13946949,0.20910543,-0.00033732582,0.015878495,0.22827707,0.14757264,0.02138235,0.1784576,0.20239623,0.09652279,0.15190846,0.21754672,-0.07185948,0.08548714,0.09592062,0.080910295,0.18473352,0.062613115,0.057759766,0.007114262,0.13559164,0.13002247,0.16904095,0.19602983,0.05830818,0.19107835,0.09981042,0.16522795,0.10441743,0.2149277,0.081637435,0.061916493,0.0137098115,0.20588319,0.014719845,0.026875045,0.135316,-0.009103402,0.028866187,0.21065573,0.09936172,0.25189656,-0.059589136,0.14278185,0.1769553,0.09584072,0.15094076,-0.021060428,0.23007682,0.18773037,0.0043451474,0.14431758,0.14933701,-0.085386835,-0.0074526914,0.12836453,0.10113461,0.105807796,0.15052326,0.15546247,0.0937584,0.21423386,0.14400545,0.04160717,0.06082156,0.0016681531,0.064848006,0.12154103,0.08329933,0.135837,0.1764833,0.13675039,0.16601746,0.061425213,0.057234686,0.12431377,0.1987828,0.19184792,-0.08993331,0.120717086,-0.0027491604,0.014666306,0.22734568,0.15778409,0.18613508,0.15119614,0.13580403,0.041923217,0.19935241,0.15092614,0.13377649,0.0011741844,0.111053176,0.19450675,0.080677494,-0.09786837,-0.0022550544
0.0069179707,0.026994007,0.016024267,-0.039848287,0.074460804,-0.007930999,0.12531413,-0.13294098,-0.05247906,0.007770624,-0.0701187,-0.13563101,-0.12818222,-0.08002964,-0.06220118,-0.02571702,-0.055034842,-0.0019033637,0.005244425,-0.11145309,-0.040938646,-0.04238848,-0.07520749,0.04690659,-0.011338461,-0.015189719,-0.012791784,0.015742736,0.047355883,-0.09593406,0.018261287,-0.12983994,-0.18474859,-0.014765709,-0.02137698,-0.0413999,0.0014112002,0.0072995774,-0.1349243,-0.14019975,-0.07978377,0.021755116,0.0013795687,-0.034818955,-0.023565441,-0.12363461,0.1267033,-0.12996252,0.01462994,0.0074650333,-0.06379828,-0.07715182,-0.073901765,-0.15049706,-0.050973084,-0.100824915,-0.111334875,-0.041514214,-0.028912425,-0.03751762,0.027607879,0.028335296,-0.17398629,-0.012601822,-0.06622434,-0.19162215,-0.06457323,-0.14440034,0.0017124442,0.029144326,-0.15188433,0.059910554,-0.07573731,-0.1326594,-0.011056581,0.030795068,-0.009780439,-0.084265605,0.032957725,0.057749882,-0.06526535,0.00040210623,0.10237167,4.936218e-08,-0.12639992,0.056518458,-0.21592695,-0.091807,0.06843373,0.010704047,-0.11948872,-0.0111739505,-0.10162047,-0.1871798,0.009024024,-0.06413977,-0.13044168,-0.018219037,0.02130721,-0.014921586
-0.044733614,0.034421373,0.016902098,0.016461272,0.080154344,-0.011531879,-0.089227155,0.08743663,0.08168482,0.07550342,0.08577874,0.1441213,0.06145084,0.10225956,-0.090367965,0.038145915,-0.045363642,-0.015429746,-0.107528225,0.0551497,0.1735348,0.03499789,0.03739786,0.061785847,0.14108282,0.07270333,0.014022807,0.07493418,0.06716106,0.07416546,-0.012364671,0.028777378,0.23699956,0.048908193,-0.08086249,0.059018325,0.22244698,0.09550647,0.13872358,0.03156779,-0.08172882,0.036508374,0.029416822,-0.023838254,0.07315037,0.12599953,0.20308463,-0.074801445,0.03951351,0.092101544,0.07217916,0.12146798,0.027343197,0.03348726,0.069339514,0.07300704,0.08696458,0.0765561,-0.00042715605,0.027772661,0.070294484,0.040351655,0.12839603,-0.057451054,-0.06816609,0.11485139,-0.059512895,0.045821745,0.035788897,-0.05291391,0.038359705,0.071371675,0.09760989,0.06331234,-0.087887704,-0.16287883,0.088163115,0.060153704,0.069564246,0.13793622,-0.024754275,0.012300732,-0.14751153,-3.6251946e-11,0.094544865,0.1494603,-0.06142898,-0.064049914,0.081833266,-0.07144587,-0.0060828007,-0.06697689,0.10415302,0.17438665,-0.05196122,0.09307639,-0.02695695,-0.05726516,0.054862943,1.1331488e-20
0.10930841,0.056318518,0.060480557,0.09472027,0.017215595,0.023459824,0.055130698,0.0042258315,0.04149331,-0.15999699,0.050056916,-0.039182533,0.078524284,0.10729965,0.13509244,-0.04955773,0.038325503,0.1475874,0.016320832,-0.087012246,-0.05761999,0.014858821,0.0293899,0.15903622,-0.018621143,0.11734517,0.016542083,0.112231165,0.09638102,0.10188085,-0.15737101,0.0733275,0.08344103,0.19600737,0.037625574,0.05678468,0.042875964,0.032865833,0.013826356,0.019847525,-0.024372859,0.048064455,0.05590806,-0.111005716,0.057054434,-0.04524868,-0.026893187,0.04285039,-0.032444853,0.07135071,-0.06483943,-0.13675457,0.06325477,-0.13098995,0.08282861,0.12347527,-0.06996626,0.04634642,0.051414844,-0.06282742,-0.004195745,-0.1105742,0.1282705,-0.097460665,-0.00951621,0.011108517,0.08997267,0.053227324,-0.028237453,0.13973005,-0.024036778,0.075993784,0.0503259,-0.042860113,0.021989753,0.043237388,-0.07016873,0.010299487,0.04815916,-0.06371275,-0.039995056,0.036046013,-0.018423686,-5.7267653e-26,0.019578295,-0.051368255,-0.0704767,0.045416985,-0.007651303,-0.042668145,0.0349319,0.07188036,-0.040227886,0.008162271,-0.018366236,-0.077409364,-0.08242295,0.055143278,0.06661166,-3.2148718e-19
0.0683264,0.12168388,0.10429865,0.19402757,0.13023259,0.16429581,-0.09432674,0.1919681,0.1284387,0.0074948426,0.11054579,0.13356207,0.107611954,0.21249439,0.08505955,0.028023608,0.17154337,0.025737867,0.1323763,0.11893051,0.1259293,0.0765201,0.19701417,-0.029355243,0.050360497,0.058724742,0.09511678,0.21620472,0.11000914,0.109775074,0.093601234,0.09086254,0.21917434,0.0677629,0.08038387,0.07452112,0.030498212,0.05837167,0.017472783,0.10061578,0.14122488,-0.057963625,0.13081169,0.048270114,0.2572006,0.046474278,0.09241347,0.024253707,0.010436912,0.07187089,0.08203891,0.11619611,0.09989108,0.00095084263,0.08058423,0.18586597,-0.023217326,0.10999774,0.1571217,-0.024418544,0.044475645,0.19981243,0.17391911,0.07691502,0.17554067,0.12414215,-0.002383601,0.12112219,-2.4659912e-15,0.083550185,0.064069256,0.108008295,0.1116617,0.20306961,-0.07823755,0.07495089,0.051764257,0.11967139,0.037216745,0.031867784,0.050208878,0.17807664,0.06735014,0.038219742,0.12563227,0.16196775,-0.012335759,0.107371464,0.027273461,0.012966771,0.0536631,0.022461606,0.0823546,0.07615798,0.11228737,0.09949971,0.12692036,0.03357865,-0.02468779,0.009474886
-0.036212295,0.028512262,0.01795472,0.08238407,0.15653518,-0.061621632,0.044648983,-0.026370706,0.017874904,0.0013711568,-0.010595413,0.09363439,0.06857957,-0.07718595,-0.12805867,0.02385723,0.09399382,0.039799694,-0.0068157385,-0.07277338,-0.073285624,0.008541682,0.01455738,0.043157246,0.08439021,-3.1090822e-06,0.035751496,-0.008920672,-0.03780597,-0.028269077,0.053274408,0.010099272,0.07452895,-0.013002621,-0.09637978,0.047015548,0.0033921495,-0.021424908,0.040657062,-0.066628896,-0.03416119,0.035692368,-0.07726937,0.06705523,-0.013487128,-0.015277332,0.015128107,0.026657857,0.0654291,0.14584127,-0.00017770735,0.12688161,-0.02386597,0.059570137,-0.020026097,0.04325049,0.054758817,-0.17461699,0.0072216047,0.005104061,-0.058114007,0.04162916,0.13134286,0.058079015,0.13787515,-0.0687204,0.042590518,-0.01960641,1.5326757e-08,-0.0047453274,0.058287967,0.06452118,0.0018679051,-0.0982101,0.026596213,0.08436102,-0.006135032,-0.042606924,0.014884058,0.13084567,0.048625525,0.031951763,0.06912687,-1.8366574e-19,0.08851693,0.006042616,-0.0414018,0.0382145,0.03743016,-0.07234913,-0.02788754,-0.041259196,0.022553904,0.12527817,0.08691703,0.043881457,-0.07767549,-0.071341604,0.020146288,-7.61136e-16
0.16622674,-0.04816994,-0.05376827,-0.10693856,0.015252569,-0.11951283,-0.14371121,-0.07076173,-0.14117534,-0.0041390243,-0.12082056,-0.08388515,-0.10691966,-0.10487693,-0.28548315,-0.08969149,-0.18829323,-0.14293705,-0.15539056,-0.060780443,-0.13878752,-0.12483789,0.044695895,-0.098264314,-0.06264695,-0.034833122,-0.13574012,-0.095292225,-0.12038638,-0.2036533,-0.05542922,-0.07728276,-0.29240116,-0.01710194,-0.20355648,-0.03369012,-0.20422585,-0.079972856,-0.20369114,-0.17622796,-0.115443625,-0.034417897,-0.052780807,0.06318976,-0.2152184,-0.06699613,-0.15207112,-0.0721356,-0.05960269,-0.14336622,-0.15736826,-0.14402685,-0.11370808,0.05023775,-0.15433551,-0.22707681,-0.11980069,-0.124303214,-0.1602776,0.03555766,-0.070539206,-0.051398247,0.06802459,0.0024248774,-0.07732393,-0.069761,0.016048603,-0.111694284,0.00080979365,-0.18162341,0.040846977,-0.13552836,-0.06556977,0.012457236,-0.16602843,-0.08095749,-0.012827483,-0.19395025,0.015087237,-0.075830534,-0.06735438,-0.110792294,-0.045381207,-4.0094048e-05,0.03916468,-0.079105295,-0.088348106,-0.17029037,0.01326863,-0.0722583,-0.03786087,-0.20547286,-0.1877015,-0.14941823,-0.1265628,-0.14692429,-0.0968931,-0.034788124,-0.16741332,2.7843493e-21
-0.18534698,0.064222336,0.07231164,0.037511803,-0.042191382,0.0504793,-0.21375531,-0.06175048,0.10278631,0.060853332,-0.16332822,-0.030694123,0.023544598,-0.10402262,0.020286638,-0.108573906,0.01426355,-0.1553763,-0.018528769,-0.042095743,-0.07111142,-0.21950759,-0.016593928,-0.06814518,-0.10442736,-0.09424497,-0.06001014,-0.085753605,-0.09848964,0.025641166,-0.06503125,-0.08522325,-0.18150732,-0.015893145,-0.024953617,-0.0718472,-0.14101066,0.0008270756,-0.1536811,0.07733315,-0.06536372,-0.07113049,-0.02837638,-0.070605464,-0.0062141707,-0.06049819,-0.106187,-0.16399339,-0.05541831,-0.022504883,-0.06967502,-0.03748964,-0.048156183,-0.1453399,-0.078069225,-0.12584239,0.026874516,0.026090285,-0.19511059,-0.07898832,-0.041694187,-0.034206465,-0.017133249,-0.011470802,-0.041436102,0.010941077,-0.04119161,-0.120014824,-5.8806096e-14,-0.19248633,-0.0040100715,-0.11896225,-0.051240854,0.08401873,-0.102647856,-0.03252222,0.0067900764,0.011411849,-0.19104585,-0.11689885,-0.06646842,0.037252028,-0.104563296,-3.8933067e-07,-0.15129533,-0.046467695,-0.06640859,-0.09079946,-0.0628382,-0.1721063,-0.07374132,0.0052158325,-0.013850292,0.030271398,-0.04506465,-0.027146708,-0.09886622,-0.05889939,-0.1711622,0.0053561246
-0.08591155,-0.22939335,-0.19906673,-0.17372766,-0.11733108,-0.17741151,-0.11764564,-0.13866624,-0.20924373,-0.09015846,-0.10319072,-0.096806645,-0.08020395,0.033359375,-0.15321086,-0.03135265,-0.07210712,-0.10918218,-0.18065965,-0.08148595,-0.09259908,-0.121733315,-0.09126706,-0.08514076,-0.00044864704,-0.15863822,-0.088611245,-0.12605083,-0.0995276,0.046070028,-0.09158128,-0.25845522,0.027478933,-0.0023858568,-0.028629374,-0.10553282,-0.01484865,-0.00022512088,-0.05337391,-0.048155036,0.0106093455,0.049195968,-0.026083522,-0.10121454,-0.054722212,-0.038264837,0.017849958,-0.0694199,-0.108866766,-0.07448788,-0.21534102,0.05275011,-0.032323588,-0.05086893,-0.16102605,-0.07954704,0.095142365,-0.1517652,-0.10542937,-0.12937674,0.056025013,-0.046023518,-0.111322045,-0.07970676,-0.20019734,-0.020086,-0.053704906,0.086658135,-2.0548871e-15,-0.09865897,-0.0013270119,-0.038321555,0.01365954,-0.17049153,-0.18348067,-0.18179134,-0.11248768,-0.022179784,-0.08859502,-0.104539126,-0.13621925,-0.15277712,-0.1117552,-0.040733147,0.05342696,-0.048952315,-0.03654,0.0039484138,-0.0038717017,-0.075377986,-0.01589582,-0.20448203,-0.19896854,-0.18239516,-0.025799565,-0.12703918,-0.034136895,-0.13748612,-0.15572374,9.914754e-22
-0.004993765,-0.008514545,-0.006849584,-0.14233997,-0.09940987,-0.020328732,0.0025351837,0.028885236,-0.03866362,0.080435425,-0.026892012,-0.12379128,0.012644612,-0.05005027,-0.14600752,-0.15905227,-0.077604726,-0.06631718,-0.05239992,-0.03861832,0.025883397,-0.16551849,-0.0184598,-0.07322316,-0.053815257,-0.109823935,-0.114688694,-0.1761636,-0.066667855,-0.049337186,-0.16200012,0.012573089,-0.16799529,-0.100554526,-0.024550512,-0.10498754,-0.070671804,-0.14316987,-0.07917195,0.07243865,-0.1224129,-0.13923086,-0.050948277,-0.13684413,-0.15613537,-0.18089955,-0.019348225,0.026226237,-0.050453033,-0.07239042,-0.09757466,-0.029645858,-0.10521909,-0.07190542,-0.13432871,-0.15030713,-0.16360593,-0.046315446,-0.09305596,-0.051809065,-0.16860002,-0.19061139,-0.10157417,-0.195794,-0.079236165,-0.18032432,-0.14604138,0.0016606046,-3.1771606e-24,-0.03322713,-0.14397666,-0.17529692,-0.15371639,-0.14256386,-0.12735221,-0.19111118,-0.14218704,-0.083790846,0.026775185,-0.0682474,-0.08693523,-0.086943544,-0.12621526,-9.839659e-16,0.02351182,-0.075849414,-0.03885576,0.0049150707,-0.076704,0.00588778,-0.13784015,-0.14491497,-0.0687918,-0.16493963,-0.04473583,-0.08250025,-0.14757372,-0.010481406,0.002056449,-1.0525352e-05
-0.020393956,0.08449764,0.0965237,-0.11233901,-0.08662002,-0.012880881,-0.08346534,-0.040346764,0.10588382,-0.03637064,-0.030931557,-0.037599508,-0.116873555,0.05737273,-0.008033488,0.0146708945,-0.052958433,0.05190042,0.043680094,-0.15843841,0.03137984,-0.070176885,-0.12130371,0.052329466,-0.057670653,-0.071862824,0.06820548,-0.18562046,0.059340328,0.18685184,-0.0414941,-0.01904343,-0.11739665,-0.12710552,-0.14853342,-0.15383707,-0.024618631,-0.032045405,0.040749162,-0.053701457,0.21376505,0.09826389,0.04946959,-0.031930022,0.063562326,0.120206766,0.098044015,0.014376826,0.06041265,-0.026796754,-0.16458192,-0.028448239,0.0068807793,0.033071738,-0.005089039,-0.036455393,0.032491047,-0.03419171,-0.008469979,0.011395551,0.009391368,-0.05699247,-0.054963976,0.17045853,-0.045449458,-0.11370752,-0.042126637,-0.027021157,-4.4164275e-10,0.030428192,-0.08379024,0.0631238,0.045188867,-0.026472708,0.022373537,0.21353826,-0.0009731432,-0.111272775,0.052543946,-0.03441907,0.025484111,-0.09540938,0.08206597,0.0022240318,-0.13048266,0.04196105,-0.13344537,-0.07397687,-0.084315,-0.031463448,-0.04938144,0.07123528,0.012454828,-0.011670344,-0.1111081,0.15926482,0.011975956,0.034943946,0.07225507,-0.00017161832
0.06824353,0.07559989,0.08172764,0.14387639,0.11756997,0.15562673,0.057985205,0.20529725,0.09973616,0.05995625,0.07627526,0.1425468,0.172738,0.0016441196,0.09723235,0.07824811,0.049421586,0.01867129,0.030737111,0.17974359,0.026622476,0.05943774,-0.08662371,0.10972571,-0.005964984,0.08074808,0.13322477,0.17797129,0.037013937,0.1510796,0.16293986,0.07120901,0.21814136,0.08686819,0.12127439,0.23436287,0.1691135,-0.03634103,0.10461132,0.13614675,0.023995377,0.13035291,0.1144953,0.07067127,0.25458157,0.07980542,0.1353271,0.08010694,0.08680223,0.058210786,0.2023425,0.06931103,0.1797024,0.19215752,0.17710926,0.14922059,0.1583419,0.08977811,-0.05543825,0.09173118,0.17584729,0.21171686,0.13267772,-0.018054409,0.17373388,0.23546687,0.09893237,0.08495487,0.007138804,0.061140098,0.05651162,0.014508232,0.2074885,0.07126476,0.11500112,-0.080183715,0.17316903,0.14704025,0.04320456,0.0028180443,-0.052923743,0.18409513,-0.060307533,-0.0008490986,0.03529677,0.093479976,0.15557747,0.09675312,0.06778848,-0.009493877,0.11479718,0.1205287,0.05009366,0.12565586,0.12847292,0.11782088,0.12953949,0.08555657,0.13581356,0.03666301
0.033021122,-0.047567908,-0.04571604,-0.119079605,-0.1340019,-0.09395053,-0.04020763,-0.0776473,0.013292699,-0.04903278,-0.037290987,-0.13690303,0.013952197,-0.08422042,-0.058171496,0.03879422,-0.0752813,-0.05116468,-0.013363213,-0.052226357,-0.045241527,0.01292326,-0.036659513,-0.13759676,-0.021923581,0.091012575,-0.14795396,0.036238514,-0.057123028,-0.08706868,-0.12946813,-0.027861021,-0.10834802,-0.022121329,0.035842143,-0.061323874,-0.07575054,-0.18906073,0.056009907,0.080627844,-0.10478434,0.10536006,0.009916041,0.011667401,-0.12620181,-0.08364394,-0.08087474,-0.008687501,-0.08371657,-0.051069025,-0.10299612,0.060238108,-0.090073906,-0.04565112,-0.10618525,-0.08915027,-0.026524074,0.04386526,-0.08764602,0.03639311,0.010876603,-0.03100313,0.018847516,-0.06850607,-0.0980479,-0.004144782,-0.08694619,-0.11010609,0.003349703,0.030260108,-0.022631735,-0.09753908,-0.09754822,-0.083274476,0.02187671,-0.049508918,0.03578416,-0.0046151285,0.0015346666,0.025058735,-0.093705334,0.0041698925,0.0019172749,-7.825712e-16,-0.11762677,-0.03670547,0.017755965,-0.03765473,-0.082770154,-0.031470507,-0.04594287,-0.032410443,0.017468335,-0.096233726,0.05976974,-0.040798835,-0.16100594,0.019427726,0.0043576206,0.0001507839
0.030397836,-0.05133134,-0.039463576,-0.13297936,-0.07987156,-0.16833822,0.062538356,-0.12867577,-0.06972687,0.00074878527,-0.13275225,-0.020255657,-0.10084599,-0.14542474,-0.043945123,-0.14776847,-0.086425774,-0.12288835,0.022432663,-0.11208278,-0.18709661,-0.097873494,-0.057771325,-0.10747605,-0.0043981015,-0.11704147,-0.057958066,-0.1587266,-0.06874717,-0.06868179,-0.090398744,-0.13484041,-0.13061577,-0.05175988,-0.13357888,-0.15071148,-0.10178199,-0.13097788,-0.12456444,-0.061648984,-0.1753867,0.013803994,-0.13213715,-0.052506015,-0.039606087,-0.07467841,-0.046530962,-0.04010537,-0.08326624,0.021982439,-0.11359201,0.021553865,-0.12714297,-0.008533915,-0.10292079,-0.11963222,-0.07725703,-0.021058135,-0.0486253,-0.064256586,-0.16955437,-0.090995125,-0.09521442,0.012317787,0.0016574756,-0.050437894,0.022197045,-0.05907353,-0.0016594514,-0.10449267,-0.034251478,-0.07547702,-0.09742649,-0.16995807,-0.058892712,-0.06915093,-0.09622846,-0.05622001,-0.11326475,-0.03384064,-0.0033412771,-0.045536187,-0.06293314,-0.00027728765,-0.06906982,0.04953547,0.006605078,-0.036502194,-0.044800658,-0.04017087,0.04842378,-0.123087846,-0.07704624,-0.10206478,0.1296285,-0.12177849,-0.0124682635,-0.09335876,-0.15637493,-0.0002289594
-0.03710848,-0.037212856,-0.052426465,-0.02052367,-0.09776954,-0.03223158,0.095592864,-0.05101646,0.067209706,0.0949548,0.011821736,0.02428432,0.0074650953,0.057621714,-0.053069305,0.09350936,0.07797488,0.06695789,0.0067350892,-0.075136304,0.0485004,0.026961498,-0.060560014,0.048657846,0.052002728,-0.0046257996,0.02204378,0.052685283,0.109105594,0.05121128,-0.0145948315,0.0036321336,-0.06941475,-0.020706361,-0.06766053,0.13429287,0.086335205,0.040421482,0.0670778,-0.07975267,0.003355347,0.086385585,-0.06101211,0.03365091,0.04960827,-0.0017553519,0.037265614,0.15189067,0.005758733,0.044254396,0.036865193,-0.056767806,0.057720702,0.021578224,0.16492705,-0.02483551,0.07547528,-0.012340806,0.20716858,-0.10160415,-0.046871472,-0.057771683,0.06454483,-0.06479768,-0.013975593,0.042678002,0.06083124,0.07157085,-1.9987883e-23,0.05585117,-0.052981935,0.014965641,0.015919939,-0.053637087,-0.036262777,-0.027996939,0.0054629366,-0.021544704,0.081974715,0.020248279,-0.046629094,0.119990736,-0.015179456,0.008795994,0.08422626,-0.050669555,0.027083425,-0.045655295,0.05374527,-0.0009840982,-0.029513309,-0.07947844,-0.016337369,0.028437812,0.049451668,0.03416674,0.00010911781,0.03393633,0.07782663,4.934277e-23
0.036783293,0.05108542,0.017732337,-0.013651091,0.03143089,0.016761877,-0.014469334,-0.02914682,0.0068537774,-0.050313365,0.056484517,-0.12860791,-0.12560558,-0.063836925,0.0021962267,0.005386202,-0.013142996,-0.049583126,0.102276236,0.11385635,-0.066832826,0.04784409,0.010711821,-0.07659222,0.007609216,0.03130482,-0.04679003,0.023573233,-0.1508244,-0.059927247,0.08063608,-0.017267983,0.16176437,-0.091312684,0.048639365,-0.03346087,-0.02178718,-0.01708011,0.029609539,-0.010082222,0.060315464,0.052490313,0.0433383,0.015901344,-0.015979225,0.019737994,0.09638962,0.04703761,0.06766963,0.00030900218,0.010222653,-0.015203543,-0.07552234,0.10229408,0.12502512,-0.0011938849,0.08281538,0.016148435,-0.047345977,-0.045082707,0.124196135,-0.061179563,0.09787652,-0.01612282,-0.020110428,0.018254446,0.003712304,-0.1147308,0.015710978,0.104966976,0.055849493,-0.019932173,0.09131615,0.09131836,0.016589876,-0.03159566,-0.0446432,0.071671896,-0.018559622,0.011170888,0.03886835,0.08197257,-0.0036271515,-0.05815726,-0.07560376,0.06180078,-0.009832244,0.04777287,-0.010492546,-0.03205299,0.07511282,-0.041738976,-0.071677566,0.070042446,0.2803534,0.020112123,-0.028637042,0.03308609,0.068810984,0.027022181
-0.057785016,-0.04432065,-0.052900147,0.06375492,0.008071165,-0.07675129,0.0073788543,-0.029018393,0.05404847,0.11336917,0.052846067,-0.034970377,0.08207797,-0.19139749,0.025576212,-0.10563086,0.0675967,0.011501348,-0.0074659227,0.023692634,-0.050569855,-0.05034093,0.058443796,-0.027474266,-0.12914068,0.06536632,-0.13782705,0.019341717,0.11388656,-0.025198808,-0.067022555,0.06719055,-0.029538594,-0.051644567,-0.04773668,-0.015590644,0.10813755,0.077346615,-0.0086201,-0.0013362399,0.13152902,-0.008240485,-0.088275105,-0.087508984,0.006312034,-0.007183199,-0.014458076,-0.044123117,-0.08575571,0.050461773,-0.011820874,-0.04390742,-0.018226815,-0.05010196,-0.07811452,-0.042723782,0.03416347,0.06483394,0.09561375,0.01707728,-0.007128547,0.07036862,0.013251596,0.0053066607,-0.073088124,0.08597972,-0.019330999,-0.051283937,-2.081583e-15,0.036752205,0.052358616,0.09248498,-0.0068022753,0.024247542,0.018803624,-0.053449582,0.0050157933,0.07395662,-0.020141428,0.03172986,-0.04562494,0.00010364845,-0.09906298,-2.8623388e-18,-0.052219197,-0.08682404,-0.043498483,0.096096724,-0.1142176,0.09402265,-0.03380916,-0.029617248,-0.010969447,0.102606945,0.060993534,-0.17030215,-0.00066572183,0.021740416,-0.018111218,3.0045563e-15
0.091574185,0.17142045,0.14756101,0.11973799,0.17731915,0.20483905,0.034405082,0.19687594,0.06686476,0.17676906,0.24520609,0.10140207,0.12197195,0.17681581,0.09984375,0.19877851,0.13583885,0.093966,0.17679287,0.048342053,0.2120019,0.24262087,0.1923754,-0.06689792,0.13542053,0.21116218,0.19567016,0.17019732,0.17453387,0.17519043,0.18068567,0.11131198,0.08725092,0.21617122,0.1763389,0.11305819,0.085729465,0.00880578,0.07263672,0.1796682,0.2005659,0.19123198,0.21997353,0.17934777,0.26694664,0.1444413,0.19696331,0.111784846,0.07213727,0.088938765,0.20700672,0.20703971,0.21557069,0.22051248,0.18883625,0.15888186,0.11044021,0.14689273,0.29089856,0.2046469,0.10448841,0.2078736,0.14459082,0.2175372,0.14185724,0.261879,0.14352436,0.017849773,-2.0543759e-23,0.17073724,-0.008890559,0.18017367,0.20510611,0.120244294,0.18586947,0.077105224,0.22682579,0.23919377,0.06301456,0.08429283,0.22888532,0.22330745,0.1597034,-0.022495674,0.09732152,0.12536238,0.1415729,0.18979861,0.14750132,0.18792485,0.15207678,0.1572853,0.17301701,0.197862,0.16638899,0.2256868,0.1632099,0.26051295,0.03613536,0.0020229751
-0.024544071,-0.011712615,-0.020917347,-0.09714364,0.059486125,-0.015422084,-0.12769783,0.07859985,-0.1397658,-0.06967153,0.0077669984,-0.024514744,-0.07079516,-0.005100578,-0.10338811,-0.039984792,-0.11931204,-0.06318904,-0.062633485,0.017256275,-0.036128096,-0.067152485,-0.056812406,-0.13182163,-0.008091891,-0.22039622,-0.045810886,-0.0078065977,-0.07474264,0.03270354,-0.0394657,-0.021926917,-0.044453453,0.03304433,-0.08591,-0.09214209,-0.047160666,0.022853594,-0.017080246,-0.027450377,-0.11259416,-0.061946377,0.058379497,-0.0394068,-0.06455627,0.0045380285,0.070246466,0.03854212,-0.063308015,-0.056322575,-0.07838616,-0.062039007,-0.053460777,-0.09802875,-0.18137431,-0.20246063,0.007973025,-0.10737148,-0.0114261,-0.15813011,-0.037824273,-0.15284276,-0.03548144,-0.02828117,0.03167931,-0.09934115,-0.12632284,-0.058340482,0.000105896244,-0.19258666,0.015532951,0.0024240457,-0.074775204,-0.039570477,-0.003648909,-0.0022101963,-0.08962364,-0.09068076,-0.111955754,-0.016098777,-0.048442632,-0.073848486,0.04332672,-1.3733212e-15,0.06585415,-0.0757739,-0.095213704,-0.08987248,-0.15111344,-0.02836846,-0.082587324,-8.557515e-05,-0.07807336,-0.14591937,0.07410291,-0.113732405,-0.121644266,-0.09903256,-0.08277769,1.7621673e-05
0.037610445,-0.050440386,-0.06304333,-0.0049735666,0.06968372,0.0815001,0.16233328,0.0022700757,0.078278705,0.073376134,0.072580226,0.023263518,0.015002696,0.058645196,-0.020651277,-0.021854704,0.030212248,0.014150267,0.05195005,0.012498587,-0.034528777,-0.04081195,0.036837526,0.055275433,-0.003897242,-0.044944596,0.09804926,0.016628228,-0.099283114,0.032604836,-0.044970613,-0.031952932,-0.06821794,-0.0011039176,-0.030419426,0.022121303,-6.669901e-05,0.045062363,-0.03013293,0.11479711,0.069423586,-0.0076012616,0.0047546583,0.07784395,0.014200493,0.04208676,0.038125634,0.09341335,0.013602584,0.08717288,-0.02615148,0.033431444,0.04920196,0.032795742,0.06413746,0.1145117,0.05540658,0.08130557,-0.047685813,0.04625457,-0.011272134,0.002311483,0.123276584,0.05095109,0.13628033,0.07392573,0.06851674,-0.057613976,-0.002366544,-0.055469874,0.04549245,-0.084209055,0.018519938,-0.025553526,0.044932205,0.085615575,-0.021940649,-0.026436826,0.0025287366,0.040319916,0.1970226,0.15583532,0.045137495,8.733754e-21,0.022676019,0.073989056,0.04272053,0.029917974,0.100437485,-0.010779005,0.0015638507,0.00083444454,0.09219583,0.11800306,0.06030315,-0.006962992,0.11110774,0.0034718765,-0.044163346,5.3801643e-05
0.06139994,-0.04348684,-0.023342827,-0.06840235,-0.018222868,-0.07553906,-0.043173455,-0.07444366,-0.050455004,-0.061354943,-0.07444268,-0.04453547,0.0887416,-0.0773616,-0.13436995,-0.0866507,0.04104954,-0.01183102,0.09396188,-0.008863146,-0.13821022,-0.06378165,-0.11541586,-0.10320382,-0.118394315,-0.018568046,-0.03421027,-0.12550248,-0.10174641,-0.008060857,-0.14007157,-0.14493755,-0.091844045,-0.022438347,0.002697206,0.09533441,-0.00410453,-0.010036722,-0.018664718,-0.008343945,-0.06396417,-0.040555086,-0.027606865,-0.091717765,-0.01807107,-0.061142143,0.051758457,-0.0030464816,-0.040789872,0.11891164,-0.055338807,-0.14346322,-0.026374597,-0.14251712,-0.11997634,0.00698971,-0.075747885,-0.03151308,0.07891467,-0.10043503,-0.15407102,-0.14191581,-0.083325505,-0.07024573,0.025943467,-0.13792273,-0.08280919,0.008038295,-2.7218912e-13,0.011926671,-0.027965339,-0.07979014,0.018787015,-0.13893333,0.01509519,-0.119017035,-0.20665188,-0.010853983,-0.097177714,-0.11593554,-0.01948754,-0.023468412,-0.072533794,-0.0016577751,0.05317566,-0.086285524,-0.059804488,-0.08499433,0.015004485,0.06604332,-0.012737576,-0.07006438,0.043814335,0.0037932054,0.011293379,-0.057986896,-0.0754402,-0.06547309,-0.07675028,-5.205123e-22
0.07546462,0.051350787,0.032355517,-0.035631746,0.17112307,0.0066231885,0.1274829,0.047707986,0.036400717,0.037450768,0.0038846433,-0.021166505,-0.017739844,0.16821814,0.11010774,0.015999852,0.002255841,0.10434176,0.088343024,0.062103678,-0.04150164,0.06940682,-0.08599675,0.102912284,0.08285235,0.02001595,0.16515204,0.082080446,0.043194752,0.022168038,0.09843415,0.074077874,0.05719187,-0.007734382,0.09409318,0.13318492,-0.01852764,-0.025875952,0.058932967,0.10260269,-0.046567988,0.08721453,0.1020836,0.15106134,0.15281898,0.09245185,0.077568814,0.06970856,0.07008716,0.046402223,0.034361966,0.09140468,0.1194823,0.12501195,0.14156456,0.011874589,0.03757805,0.0686034,0.17238596,0.058579966,0.11673781,0.13359603,0.13159452,0.13948742,0.10171206,-0.035578243,0.17778227,0.0098744035,-6.628028e-13,0.089270204,-0.032785702,0.037407737,0.10135505,-0.0400214,0.1565984,0.17358528,-0.018213168,0.08698412,0.007235198,0.052542396,0.17363642,-0.025876436,0.06916261,-0.00015926833,-0.034738995,0.054435693,0.06327831,0.08712711,-0.031367827,0.08855793,0.007927886,0.12372101,0.049268793,-0.009333336,0.098335974,0.079437874,0.026806043,0.1515498,0.11108527,1.4257799e-22
0.0031383592,0.07100667,0.062300093,-0.026988802,-0.0034554086,0.037636142,-0.023393618,0.028368365,0.006660179,0.082803026,-0.036560547,-0.08903827,0.07123766,-0.096041925,0.077087805,-0.036273368,0.031441722,0.021728005,-0.05100029,0.14238222,0.11620251,0.017378693,-0.087045915,0.10488549,0.15356703,0.13753398,-0.0046379515,0.073702164,0.062458843,0.11576109,0.12959287,0.0045504775,0.0055794506,0.12098873,-0.06623762,0.010375906,0.13487418,0.042617448,0.091927916,0.04404826,-0.17707649,0.047865704,0.0487823,0.09784257,0.016198331,-0.0033677756,0.13269514,0.07155041,-0.04652671,-0.01693568,0.06025898,0.041242495,-0.033166476,0.09600896,0.19697696,0.10225447,0.024192858,0.06782417,0.06717881,0.049506515,0.044018205,0.08991228,0.012159537,0.046303067,0.07363441,0.06980644,0.12549284,-0.03347026,1.5599152e-14,0.045100056,-0.031954113,-0.02174308,0.08518919,-0.034077793,0.117326446,0.016635228,0.1005323,0.12847602,0.011232399,0.04682837,0.0036924211,0.00034863912,-0.014178221,-1.2218465e-15,0.004790283,0.05871259,-0.026763722,-0.018119033,0.10517946,-0.047899343,-0.08617265,-0.13130286,-0.032980043,0.049150545,0.14810675,0.060355715,-0.053756654,0.13436325,0.12831263,3.392536e-19
-0.112127855,-0.1731466,-0.13780238,-0.04762983,-0.1491611,-0.08218019,-0.07985673,-0.059745196,-0.08208088,-0.1806902,-0.021787142,-0.08082236,-0.14920455,-0.14942577,-0.08283389,-0.11786103,-0.18397579,-0.15083605,-0.090961844,-0.061313663,-0.15699932,-0.065686315,-0.079124756,-0.047753546,-0.016994586,-0.11820767,-0.115342565,-0.123964176,-0.022661936,0.0014776534,-0.11405669,-0.08879634,-0.059819642,-0.073407836,-0.111574195,-0.031526983,-0.08398565,-0.021789847,-0.01858265,-0.20325027,-0.15274112,-0.15568006,-0.08376582,-0.14025582,-0.1539759,-0.12128414,0.035293214,-0.06780539,-0.09642688,-0.09824343,-0.020894967,-0.14743894,-0.12225565,0.016101079,-0.14735486,-0.17002149,-0.021180388,0.079921395,-0.12040886,-0.021904781,-0.05582278,0.049567804,-0.054811094,-0.06355155,-0.13230224,-0.14601551,-0.09665737,-0.020451294,1.2361444e-07,-0.13736044,-0.062932655,-0.096593395,-0.030171482,-0.07949898,-0.10120367,-0.0042405175,-0.079270095,-0.052891787,-0.08145469,-0.053276543,-0.11853786,0.011714233,-0.054200813,2.1354856e-05,-0.04023307,-0.017957756,-0.02423505,-0.21688321,-0.12635243,-0.13382323,-0.17468663,-0.20328413,-0.04321518,-0.17740084,-0.14154345,-0.19855578,-0.14376593,-0.13556613,-0.17460637,0.100948475
-0.06060752,0.019919027,0.055140976,-0.024129067,0.10381059,-0.044931144,-0.048299268,0.040945508,0.04045294,0.098320305,0.097889625,-0.0058622784,0.03330889,0.033925656,-0.020195596,-0.03359809,0.08062093,0.11584678,0.028149541,0.019323794,-0.045692842,0.04029897,0.048543625,0.097955,-0.02511652,0.030293064,0.033039108,0.022912849,0.04935865,-0.0026058666,-0.08791077,0.009068969,0.071692586,-0.09696351,0.12997998,0.064476244,0.07764223,0.026596082,0.13829097,0.131273,0.08797781,-0.043995548,0.01638213,0.02937257,0.09247056,0.0005420579,0.04533851,0.116822466,-0.0018648241,0.04628962,0.007845697,0.06312455,0.043174833,-0.0341024,0.08326039,-0.0072296895,0.016302316,0.12484352,0.061006483,0.034698237,-0.051130038,0.055707164,0.059422128,-0.030993626,0.04371529,0.11130915,0.066244625,0.07664825,-0.0024688272,0.01870231,-0.005691924,0.16317563,0.0094424905,0.00794992,-0.028836854,0.02953125,-0.05938528,0.04035425,0.06442622,0.0879309,0.006725589,-0.04921006,-0.0069785975,0.0015636495,0.12731665,0.07661795,0.09123229,0.15298033,0.08824222,0.09478704,0.044781975,0.0716609,0.019026404,0.0149624245,0.04780572,0.047039203,0.07224735,0.013669701,0.028081132,-5.526917e-06
-0.16705179,-0.004178428,0.002650185,0.019988412,0.01651274,0.07250392,0.064412005,-0.1116646,-0.047172524,-0.024388418,-0.03842383,-0.020304998,-0.027953543,-0.03784049,-0.09773285,-0.054940723,-0.031234859,0.008383443,0.03172718,0.032963432,-0.069974594,-0.042300507,-0.04352029,0.0040323366,-0.04683178,-0.06564356,-0.08085359,-0.07556441,-0.026566224,-0.098018445,-0.11622297,-0.045474753,-0.1481648,-0.2107566,-0.03678119,-0.11481822,-0.17204142,-0.16540954,-0.075467,-0.049725145,0.0072769686,0.018361155,-0.05339209,0.020822877,-0.03167878,-0.09573831,-0.060612578,0.02718659,0.0388887,-0.027657537,-0.04060963,-0.16583274,-0.033026982,-0.061089482,-0.08214797,-0.062198587,-0.019676201,-0.008992895,-0.041771762,-0.044672567,-0.017567452,0.07663355,-0.09819148,-0.028017445,-0.03082799,-0.043078154,-0.0040189982,0.041989263,-1.1663915e-05,-0.052742638,-0.05175802,0.05530463,0.004591346,-0.12847143,-0.08286638,0.09279955,0.19720428,-0.15860346,-0.0059074387,-0.010610832,-0.074938424,-0.009897492,0.08514421,-0.00030068803,-0.06415875,-0.102976345,-0.09157883,-0.041871823,-0.0539752,-0.025907429,0.06633952,0.017503664,-0.10169601,0.009799558,-0.04814667,-0.037714608,0.0013937737,-0.07106953,0.01202883,0.0066806246
-0.050794292,-0.00041313632,0.0056752847,-0.070806764,-0.107639745,-0.0064880443,-0.012683712,-0.04450664,-0.005297956,-0.032875616,-0.07014342,-0.023496851,-0.041511327,-0.053693805,-0.048656113,0.0013972279,-0.036416687,0.033554994,-0.05701136,-0.016192075,-0.027588507,-0.039214768,-0.14680368,-0.03775254,-0.023395875,0.045901477,-0.1284655,-0.0070636184,-0.13068536,0.1174661,-0.070174225,-0.09295912,-0.025671776,-0.03097989,-0.014972252,-0.0010507512,-0.049636517,-0.034045488,-0.015889725,0.0028513125,-0.03961896,0.037445184,-0.10314441,-0.01434134,-0.040548656,0.0052351207,0.049587075,-0.06457683,0.03537161,0.021024851,-0.05448603,-0.03308632,0.0048509785,0.0055978913,-0.03908108,-0.03770895,0.028521797,-0.030033043,-0.054058068,0.020917667,0.054487646,-0.014749373,-0.04258406,-0.008315648,-0.11094454,-0.09481364,-0.056127556,0.034771085,-0.004147049,-0.071789674,-0.01668395,-0.03938031,-0.1242487,-0.0014381721,-0.008921007,-0.019721095,0.03323989,-0.049278952,0.025412466,-0.006111456,-0.019126464,-0.017153677,-0.06949414,-0.00018152126,0.059836432,-0.020961188,-0.05025018,0.025265574,-0.06532066,0.019763406,0.016083898,-0.008930922,-0.060921017,-0.011731823,0.038873266,0.04648191,-0.04783999,-0.017024472,0.0677688,1.0500799e-26
0.06912254,-0.01980116,-0.012803346,0.10522497,-0.02928316,-0.050540864,-0.016926473,-0.04278549,0.087637834,-0.015927555,0.016519561,0.046731208,-0.014383419,0.05191296,-0.06369578,-0.019832227,0.0826958,0.09383234,-0.07825883,-0.028710553,-0.0712109,-0.0019867932,0.22528861,0.06340111,-0.02499253,0.035267364,-0.010358834,0.012546594,0.02519259,-0.016157348,-0.01744087,-0.027706668,-0.00894166,0.060878858,0.0056833047,0.0088008465,-0.052543934,-0.06858987,0.015949145,0.0056234566,0.07162439,0.039927557,0.015511385,0.08051784,-0.014400024,-0.011272269,0.0067681256,0.019462522,0.018130453,0.037342604,-0.11513838,-0.03527865,0.03247666,-0.09649903,0.04690838,-0.121473946,0.008753119,0.05024109,0.01498241,-0.0048697074,-0.04571266,-0.08767613,0.012151492,-0.08752505,0.1271644,-0.028972888,-0.053597033,-0.0018238026,-6.257662e-06,0.053364202,-0.0472537,0.07144555,0.03170526,0.043915424,0.013765262,-0.041632384,-0.022922339,-0.042375393,0.022611579,0.01976027,0.013019671,-0.01189263,-0.07635169,0.00040093702,0.071465574,0.11077426,-0.025107052,0.038114693,0.071816884,0.024220228,0.039530624,-0.022740597,0.047493447,-0.010203525,-0.058680203,0.045175157,0.0146813,-0.096456595,0.044226624,-0.013810526
0.094294414,-0.06155128,-0.0627702,0.06787997,-0.06891233,-0.11271747,0.006837696,0.0016311891,0.013463258,-0.056138236,0.0806045,-0.0169084,0.012175356,0.027659655,0.029878132,0.026588466,-0.016145919,0.036655717,0.038629647,0.013383359,0.07705652,0.06877158,0.13349117,0.0012127445,0.035064768,-0.09257714,-0.025106886,0.049151257,0.10552021,0.028957315,-0.024736706,-0.047572277,0.015541584,-0.020460147,0.0071016424,0.026820706,-0.019781852,0.004838468,0.009461792,-0.0349012,0.012308831,-0.10387399,0.022840714,-0.07532826,0.038807113,0.0337098,0.04677297,-0.07247124,0.00758578,0.0028031548,0.047892746,-0.0026894193,0.024965437,0.060523164,0.01742173,-0.014870453,0.0041246694,-0.056928135,0.016836366,-0.045320418,-0.05829067,0.021498507,0.0055714324,0.11884592,-0.030280864,0.055602778,-0.08323919,0.062055413,-1.01475024e-16,-0.054885373,-0.011905072,0.03478326,0.1265277,-0.0054291654,-0.04202097,0.08712458,0.078336336,0.08562876,-0.0045595197,-0.10732556,-0.008337929,-0.0946036,0.016449677,0.00018916008,-0.11886298,-0.083619736,0.019895453,0.028997708,0.08210166,0.033840258,-0.075547546,-0.012200553,-0.05569178,-0.012417243,-0.015313354,0.0019873772,0.1148002,-0.07425659,0.08651038,-0.0072335512
-0.043987535,-0.010902379,-0.01032802,0.0700212,-0.08010016,0.08153901,-0.01244087,0.038461026,-0.065732814,-0.049482547,0.055198144,0.0062251207,0.076476105,-0.037948024,0.08805036,-0.061473876,0.08667345,-0.053845715,-0.16331168,-0.10675454,-0.12887836,0.059132427,0.041347183,-0.00847504,-0.004606157,-0.09717858,-0.070307896,-0.019734804,-0.044345718,0.056797314,0.0048435563,-0.0054572,0.07308529,-0.018131144,0.029712392,0.03234564,-0.059486657,0.020401487,-0.00041560805,0.03891577,-0.011770493,-0.04877543,-0.040048137,-0.046233516,-0.07133113,-0.0047690272,-0.049626727,-0.018268753,0.02433362,0.020501416,0.073093764,-0.11090722,0.028916596,0.009533582,-0.013519471,0.09676196,0.001985359,0.01911187,-0.008746984,-0.0024703497,-0.019290175,-0.040989272,0.06407611,-0.0056656413,-0.11939913,-0.03510419,-0.016469728,-0.043180607,-6.0814626e-10,0.059771862,0.031749196,-0.05750277,0.01749557,-0.03662787,-0.07843284,-0.086233586,-0.01843302,-0.024411744,-0.009252682,0.0912011,-0.03878498,0.037359945,0.027777452,0.0038598957,0.02098034,-0.036503423,-0.045672473,0.026157819,-0.02463162,-0.038748033,0.07499647,0.00067677867,0.009405601,-0.07967016,0.114081375,-0.078662336,0.06589049,-0.021475459,0.0016439795,-0.0012181796
-0.035715133,-0.011788878,-0.019747986,0.0999859,-0.047327027,-0.08282382,0.016572662,-0.018408602,-0.050976302,-0.075031914,-0.035158817,0.0049971095,-0.008543404,-0.0072860126,-0.01113723,-0.088933565,-0.01116491,-0.06320508,0.011567347,0.0058705113,-0.040600702,0.056475453,-0.083397806,-0.067804426,0.06860729,-0.07983315,-0.11224091,-0.034535576,0.008314258,-0.11019271,0.06989861,0.035222583,-0.03869807,-0.025386117,0.006772048,-0.06361588,-0.03956382,-0.0021450128,-0.038782325,0.0549833,-0.0058134682,-0.103716895,-0.13683295,0.025483578,-0.037126683,-0.009594596,0.021821182,-0.047450993,-0.046567965,-0.10252142,-0.016287519,-0.0910057,-0.07698652,-0.068535306,0.014018673,-0.039784804,0.033351265,0.013905771,-0.002145096,-0.03254983,-0.01999132,-0.008762978,-0.014348197,-0.16122337,-0.10304114,0.0054417374,0.0575878,-0.100790255,-0.03924692,-0.11030571,-0.0011310559,-0.037500028,-0.05759074,-0.040366944,-0.07718757,-0.08244275,-0.07251065,0.06411364,-0.040828183,-0.04505927,-0.0026109659,0.066192865,0.029548679,6.308935e-15,-0.07857423,-0.12450416,0.07871724,-0.102287844,-0.024964804,-0.063250475,0.03934842,-0.019373527,-0.062083222,0.013722684,0.09517876,-0.07553406,-0.03887979,-3.7883492e-05,0.14345856,1.1263665e-18
-0.093644835,0.014365523,0.0017266847,-0.0751432,0.03733905,-0.09124461,-0.037088085,-0.0162182,-0.08043117,-0.012559909,-0.025565896,-0.0021344742,0.0065498604,0.00083973457,0.05091118,-0.12893578,0.000514629,-0.08968224,-0.1050633,-0.0043575806,-0.08404759,-0.12185142,-0.03642865,-0.02572941,-0.008401268,0.0393251,-0.041188188,-0.107715845,-0.0343401,-0.05007679,0.015460588,-0.062424492,-0.03684679,-0.053862426,-0.0457006,0.0047159796,0.00056628755,0.05597862,-0.006210053,-0.08697371,-0.08240735,0.034298483,-0.051931184,-0.009235039,-0.06942398,0.024299145,-0.07866935,-0.046624433,-0.057766847,-0.0057044076,-0.024795176,-0.017708695,-0.03778033,-0.021488296,-0.066814974,-0.07365694,0.05859498,0.049166635,-0.06861133,-0.07995423,0.043432027,0.127519,-0.059407752,-0.01987558,-0.1279066,0.021067314,-0.04859678,-0.08635394,9.5817646e-05,-0.06803848,-0.005426241,-0.031974684,-0.05925051,-0.07182787,0.056477655,-0.08121385,0.039611526,0.007524412,-0.051678363,0.035756454,0.0123409005,-0.025675127,-0.027471902,0.0032366018,-0.07425462,-0.026098391,-0.062944815,-0.024632353,-0.005235394,-0.0447707,0.062687635,0.0151594,0.014051155,0.09044242,-0.0038953288,0.0029625515,-0.023814183,0.006009135,-0.10684764,0.023632161
0.14498198,0.07013414,0.03031082,0.102971435,0.071016096,0.025956996,0.027938707,0.11397144,0.00030552628,-0.08351888,-0.038860224,0.059645645,0.028094018,-0.020403251,0.103340246,0.111407235,0.030158311,0.055273496,0.09960174,0.07515157,0.06319797,0.102669455,0.051199164,0.13183042,0.066791825,-0.019499574,0.027883848,0.04318316,0.029095648,0.11989039,0.052905336,0.062941045,0.072210535,-0.022858229,0.021666195,0.090003446,0.01149088,0.02023979,0.045128956,0.10757084,0.09029533,0.14707993,0.12441725,0.09192556,0.115244724,0.12408137,0.021531023,0.010134144,-0.0034596557,0.060049023,0.06871958,0.031446066,0.13507915,0.04617191,0.040965762,-0.0077968407,0.044738527,-0.021262927,0.086191036,0.104239635,0.13836813,0.051239062,0.1084382,0.082178935,0.046121217,-0.028881043,0.044293825,0.017452624,5.5470084e-24,0.022667736,-0.0115389675,0.08026512,0.18000929,0.12758642,0.15510152,0.15960145,0.05612469,-0.0075406227,0.05049042,0.061633978,0.008917435,0.06743155,0.045856737,-0.003923896,0.040974528,0.024429336,-0.044265363,0.08842627,0.051397733,0.08379273,0.073561184,0.04790629,0.078615524,0.07486897,0.096153736,0.09956386,0.1313171,0.09481522,0.07738643,-1.3785058e-08
0.09164448,-0.02166001,0.0061290106,0.011290809,0.04168365,0.051763523,0.090479046,-0.021776073,0.03780999,0.124607615,0.0053733853,0.033554725,0.06281461,0.106865734,-0.05264326,0.016613802,-0.012191982,-0.018113673,0.07533541,0.14641625,0.06985145,0.0794192,-0.018236477,0.078895494,-0.04270187,0.03411056,0.019850947,0.010607957,0.021234745,0.06297252,0.007453379,0.16338858,0.0008657628,0.12687935,0.029376008,0.04973357,0.123910524,0.088809125,-0.024896605,-0.0020111129,-0.07238296,0.03297733,0.027068716,0.061499503,0.08919928,0.09644915,0.015377089,-0.032617647,0.03926594,-0.0019295062,-0.016503276,0.14810984,-0.00845605,0.04718433,0.084693134,0.09031569,-0.0046305126,0.086161435,0.06112346,0.024654306,0.036689356,0.028781882,0.013461933,-0.019142741,0.12065225,-0.0010357291,0.04709868,-0.029710717,8.2503884e-16,0.037525922,-0.016470654,-0.041477606,-0.013437434,-0.05303714,0.026720598,-0.061875753,-0.12610959,0.0029370398,-0.01736731,0.101278804,0.053313896,-0.014367667,-0.0927673,0.029862208,-0.044935305,0.03984398,0.086158924,-0.04690019,0.028931182,-0.13605504,-0.07741468,-0.00071710063,0.055169515,0.12568338,0.011824581,0.04107302,0.03875198,0.05463895,0.01606551,0.0022636245
-0.07293795,0.07368007,0.068098634,0.013610837,0.009778343,-0.017314762,-0.07981278,-0.032322038,-0.0143052,-0.06469817,-0.053626157,-0.03411199,-0.07895464,-0.0699012,-0.014670446,-0.08815616,-0.0064642965,-0.04077627,0.013525466,-0.07954219,-0.057975475,-0.13330393,-0.03570327,0.03479273,-0.016666522,-0.06069837,0.0063784863,-0.04708879,-0.05337822,0.008362577,-0.12452452,0.027316699,-0.100859016,-0.019739341,0.013394914,-0.16514428,-0.09744454,0.01263269,-0.010128736,0.040507875,-0.040793207,-0.060390294,0.013626114,-0.040243104,0.004094354,-0.111029364,-0.037028585,-0.0015361662,-0.08398439,-0.043115918,-0.039654806,-0.0405424,-0.029206485,-0.020812493,-0.13333102,0.018381491,-0.120059945,0.0980879,-0.039952625,0.056922384,-0.09090405,0.038458765,-0.04028517,0.027389187,0.01652942,0.0267943,-0.0019860417,0.0113434,-5.7988707e-25,-0.08616582,-0.01870783,-0.06949365,-0.041734193,0.072350726,-0.024243822,-0.013261552,-0.0046946136,-0.048460163,-0.03565512,0.08924199,-0.047162596,0.025535272,0.10008535,-1.4745473e-24,0.023163408,0.031265836,0.007778589,-0.06941358,0.018468983,-0.08661203,-0.057574254,0.06786458,0.0013835926,-0.011259492,-0.15118726,-0.08567148,-0.015995277,-0.112943135,-0.055667758,-2.7972503e-23
0.08427128,-0.10548175,-0.08907547,-0.055876214,-0.028581768,0.055434886,0.031820755,0.019024437,-0.0016454133,-0.038752127,0.01616343,0.055344883,0.005290079,0.04230521,0.13983649,-0.04733807,-0.04879629,0.07107626,-0.02771251,0.064873755,-0.02188504,-0.113879755,-0.012098528,-0.024689747,-0.089366585,0.049633533,-0.023571469,-0.08241249,0.111630164,-0.03926963,-0.002298874,-0.060825665,0.055329584,-0.041326433,-0.051462725,-0.022597069,0.020570679,-0.013599454,-0.03722891,-0.073614076,-0.019547245,-0.04364476,-0.06671722,-0.053811807,-0.0151148075,-0.057742428,-0.028178914,-0.045206215,-0.11893019,0.025285613,0.059973855,0.055199564,-0.039539598,-0.019063745,-0.029285157,0.018452248,-0.029389726,0.050167177,0.0174336,-0.046671223,-0.082526505,-0.13769808,-0.09943049,-0.1298297,-0.018213939,0.04210753,0.016741453,0.044006657,-2.6037755e-20,0.0069020335,-0.0020028,0.07126882,-0.13143198,-0.12517011,0.039049346,-0.05439316,0.061310176,-0.08712685,-0.044757668,-0.04328308,-0.039322425,-0.14977737,0.045308787,-3.156493e-06,0.041875068,0.009187802,-0.09754566,-0.027312223,0.015441215,0.035398632,-0.06214753,0.028931716,0.018449016,0.007964936,0.01499993,-0.06481047,-0.0015285203,0.029736705,-0.066436306,-9.659149e-06
-0.06663934,-0.074849896,0.001245584,-0.15729687,-0.08035872,-0.12105903,-0.05623206,-0.09375035,-0.1462657,-0.045753676,-0.06357453,-0.11140142,-0.04771448,-0.11379714,-0.10955096,-0.0070107426,-0.08867789,-0.15979908,-0.15206385,-0.05136979,-0.15288448,0.028771935,-0.01741854,-0.10169307,-0.13248457,-0.06189322,-0.17436038,-0.12603173,-0.08492467,0.10170808,-0.13842404,-0.11062841,-0.10244871,-0.10518026,-0.058132492,-0.15107656,-0.0060789017,-0.018008387,-0.073076576,0.043415535,-0.06902241,0.025202088,-0.091942996,-0.0508062,-0.10290762,-0.0049605113,0.0037139603,-0.109045476,-0.036024094,-0.07232672,-0.047441415,-0.06244199,-0.13750839,-0.09595189,-0.11208776,-0.03598438,0.027124124,-0.098874725,-0.08262149,-0.052109495,0.06863157,-0.0840844,-0.17081536,-0.14913584,-0.12688962,-0.049242746,-0.040582113,-0.0003566826,-4.9011117e-18,-0.01645534,0.008384187,-0.053816926,-0.061531775,-0.18906279,0.03245991,-0.077162445,-0.038636535,-0.107698776,-0.032493036,-0.05943442,-0.16989158,-0.14435852,-0.07922352,-0.023506531,-0.07691459,-0.087558,-0.0042089345,-0.09639745,-0.08803937,-0.036219157,-0.029299997,-0.03231401,-0.13723704,-0.044385333,0.059034746,-0.08149484,-0.1603008,-0.12104715,-0.15235858,2.0311086e-16
-0.047554336,0.116628386,0.12040343,-0.026116012,0.020650383,-0.06859622,-0.022008168,0.067301854,0.016823344,0.1174303,0.0030095952,0.025050435,0.010806941,0.09058291,0.0987427,0.044707328,-0.0039809207,0.0839355,0.05720443,0.0165489,0.1500873,-0.013705457,-0.0012171812,0.07468858,0.109170735,-0.02151086,-0.0040826956,-0.017749619,0.010724519,0.07953404,-0.03321292,0.10162037,-0.08675745,-0.012232155,0.08832368,-0.06736889,-0.013232391,0.056418166,0.21085562,0.0682906,0.04685352,0.02724478,0.07179807,0.023486653,0.033684142,0.06126202,0.02861303,0.03182164,0.0739662,0.06672758,-0.00050578476,0.03224431,-0.03283933,-0.05830887,-0.022102594,-0.02853949,0.054775123,0.07933239,0.028701134,-0.036335304,0.048212677,-0.0020434533,0.04601342,0.043572456,0.08821344,-0.020074958,0.0070962533,0.04701411,2.5470747e-05,-0.029498123,-0.040852398,0.0398,0.05678441,-0.006762086,0.05133812,0.0064015808,-0.02298612,-0.057992086,0.05410814,0.055323463,0.09392819,0.0493007,0.013097527,-4.323157e-21,0.004348485,0.066148,-0.008206866,0.020312987,0.078842215,0.02057828,0.012592957,0.032570455,0.035806336,0.08959898,-0.05771409,0.0069809067,0.006239587,-0.01906405,-0.0054430445,-1.8447226e-21
-0.06365797,-0.021807255,0.013126662,0.040090695,-0.027287427,-0.018677788,-0.13913642,0.005268213,0.042886548,-0.03723492,-0.03377357,-0.04231952,-0.015288256,-0.09788786,-0.00395958,-0.054487076,-0.08030871,-0.04242334,0.012956044,-0.039717644,0.0052812905,-0.10169041,0.025373677,-0.0026343777,-0.14103793,-0.08713317,-0.050804105,-0.04085326,-0.062073372,0.054068845,-0.09271358,0.072911106,-0.074498095,-0.04394515,-0.11932582,-0.06816941,-0.03381215,0.025067542,-0.0014675695,-0.045925885,-0.031039206,0.051025763,-0.0726819,-0.07663457,-0.050939184,0.04184711,0.01749662,-0.11459522,-0.11454483,-0.16751084,-0.063929334,-0.04407021,-0.0870509,-0.08064528,-0.10836044,-0.08660546,-0.02470096,-0.10691884,-0.030439582,-0.08060599,0.024303725,-0.12417656,-0.1132915,-0.026369939,-0.008357328,-0.108146995,-0.08685842,-0.08939526,-8.510866e-07,-0.034791972,-0.05642073,0.04810105,-0.03899501,-0.042277545,-0.046395466,0.042806454,-0.11303903,-0.026760755,-0.12308329,-0.05722628,-0.060699597,-0.017346092,-0.07261267,4.6959116e-19,-0.038517714,-0.009678334,-0.09979841,0.02668516,0.067675,-0.003325947,-0.09112336,-0.0342794,0.041561,-0.08206032,0.043857783,-0.043456912,-0.12935258,-0.014488027,-0.019079039,-2.8794465e-17
-0.010389984,-0.019446583,0.0108123105,0.031042,-0.014625719,0.11782031,0.09923765,-0.05031253,-0.02440299,0.1566891,-0.02556631,0.0009191166,0.09410236,0.04345905,0.056794275,0.079970166,0.0005341706,0.065718986,0.031960923,-0.01814785,0.16656958,-0.0049129245,0.08737836,0.10155614,0.10489198,0.13215487,0.08710201,0.107577495,0.10823132,0.16079998,0.021939708,0.123100065,0.07859566,0.14924884,0.080680735,0.13708061,0.0476976,0.020457882,0.055774402,0.063999675,-0.07823304,0.08028939,-0.054079354,0.1197863,0.112797126,0.065385364,0.0859915,0.10760719,0.13906448,0.050392102,-0.0141401505,0.08536163,0.05625724,-0.0058883037,0.11113357,-0.019346593,0.07644576,0.07496338,0.08106208,0.047617197,0.14329731,0.030381896,0.11384635,-0.014312723,0.11452556,0.03226128,0.08979522,-0.05010621,8.620973e-16,0.06841731,-0.03203416,0.04701676,0.14444695,0.019553378,0.097986326,0.11351594,0.030361881,0.08199914,0.122809745,0.07505566,0.0457587,0.13205045,0.020823805,-0.0038505169,-0.037833795,0.09306832,0.11577096,0.09584792,0.048666462,0.03200532,0.048021864,-0.03400616,0.088906765,0.036820684,0.07645661,0.105436675,0.07182325,0.17267647,0.08672543,0.00016638807
0.028818294,0.06847434,0.06886606,-0.04537912,0.03550088,0.005439215,-0.005411229,-0.03130215,-0.1286485,-0.040319275,-0.09666969,-0.004416566,-0.087517396,-0.051493313,-0.0091278395,0.06481545,-0.06396127,0.05073638,-0.08132732,0.0059838546,-0.0824278,0.032161295,-0.07451059,-0.021361656,-0.04414854,-0.11546959,0.017504685,-0.069773324,0.0018613703,0.02439835,0.07887847,0.029201284,0.015967382,-0.11048482,0.00825084,-0.051702015,0.14519273,0.075480446,-0.03925871,-0.05878818,-0.03764421,-0.04560756,-0.043381747,0.02133289,-0.0025360167,0.059501257,-0.021355059,-0.045069616,-7.267401e-05,-0.011791462,-0.037397083,-0.043118242,-0.050120197,0.044954054,0.038007267,0.050985172,-0.016367579,-0.13520849,0.029758502,0.034344967,0.11899822,0.07271672,-0.054839097,0.015838815,-0.072821654,-0.02790273,-0.09778231,0.098347224,7.0038e-05,-0.06723396,0.025798114,0.0006887181,0.025537675,-0.018494826,-0.02344833,-0.012908535,0.04000874,-0.0033598987,-0.036077015,-0.050675426,-0.018375264,0.0036837603,-0.10453933,-0.00084956695,0.029402003,0.0019745836,-0.027716247,-0.09846606,-0.007816126,0.057610434,-0.039866,0.013445093,-0.062311757,-0.027670335,0.013887225,-0.1528823,-0.0016633018,-0.106646076,0.0450759,-5.146768e-19
-0.07546144,-0.05200937,-0.060317054,0.098231375,-0.10054327,0.005476961,0.0018070716,0.056203313,0.07201583,0.010185065,0.01313072,0.05095776,-0.07290089,0.07109613,-0.018366924,0.046974108,0.021765701,0.035521742,0.03948632,0.03519249,0.01664667,0.042643245,0.031621926,0.04234199,0.101436935,-0.008821258,-0.048497964,0.041892815,-0.04329249,-0.036789756,-0.071692616,-0.09332873,-0.03723095,-0.12705112,-0.02465179,0.05715758,0.024504956,-0.04493409,0.05072583,0.03153403,-0.010861354,0.04878966,0.021061566,-0.08272727,-0.06922983,0.025240673,0.0128568215,0.018591573,0.0049892007,-0.0956597,0.0017855531,0.05206688,0.02873695,-0.00538499,0.007339319,-0.010400441,0.0346538,-0.0067315507,-0.042811908,0.06483056,0.049572594,-0.066155836,0.10837495,-0.035257246,-0.07061342,0.14016642,-0.0029860076,-0.021606822,0.0049780523,-0.05338107,0.013126431,-0.08200179,0.03763836,0.049652737,-0.08202319,-0.09304021,0.04143944,-0.026729258,0.079276584,-0.03993417,-0.028437098,-0.050014142,-0.008238695,-9.304471e-13,-0.058980748,-0.048674233,0.0095534185,0.0037959747,0.00033887735,-0.010362267,0.017133644,-0.06617925,0.08745722,-0.052267816,-0.08142957,-0.006850581,0.015770996,0.07963284,0.07473339,5.4813878e-08
0.061348982,0.06758727,0.066468455,0.020996252,0.037967693,0.01689888,-0.0046960553,0.06337524,-0.019496307,-0.0050861775,-0.041197184,-0.015096026,0.117517926,0.062980056,0.048634347,-0.060195502,-0.029850857,-0.014312219,0.005351036,-0.033464834,-0.040638722,-0.010170732,0.06554485,0.05203539,-0.018462393,-0.053290643,-0.022014624,0.14997911,0.0126278885,0.010426209,-0.0026955563,-0.02114647,0.07802987,-0.06842717,-0.07389082,-0.018270561,0.020064855,-0.015896203,0.017743148,-0.026914222,0.07010035,-0.0017680909,-0.08348858,-0.052081034,0.049624354,0.017258195,0.043679167,-0.10126962,-0.021359917,-0.079503216,-0.010895792,0.032567594,-0.07833707,-0.005300818,-0.062258936,0.0038117322,0.054505553,0.01320726,0.04341433,0.023161672,-0.02087102,0.050275754,0.04314513,-0.05104606,-0.095736176,-0.016672527,-0.0083318865,0.04535976,0.00021430278,0.019338187,0.02399546,-0.012605011,-0.038738433,-0.0044651176,-0.056016043,-0.05863615,-0.013176044,0.018154278,-0.0064935205,0.053985648,-0.07506021,0.00882092,0.0067218626,-6.122667e-20,0.15618335,-0.0077841515,-0.093030706,0.060804304,0.0824621,-0.042440407,0.014922646,-0.043434825,0.011217381,0.034839436,0.05368861,-0.0079011815,-0.058021944,-0.0037237622,-0.009727949,0.003737179
-0.098843984,0.04385875,0.031042244,-0.023466913,-0.024229862,-0.06309417,-0.07666877,-0.016126815,-0.025580145,-0.054836817,0.023921894,-0.032398034,0.062247142,-0.057256874,0.07781781,-0.14727141,-0.124359086,-0.05015204,-0.07403847,-0.0011551206,0.015889937,-0.091410846,-0.008943202,-0.11875943,-0.028485497,-0.003275667,-0.015149149,-0.034698352,0.0023531849,-0.0016160245,-0.082777835,-0.019024959,-0.09866631,-0.049086973,-0.075058825,-0.0124321785,0.027351372,0.07936106,0.087009065,0.0147303725,-0.073531695,-0.15666936,0.0060152886,-0.025110828,-0.037575223,-0.09791454,-0.017617738,-0.011418242,-0.1457906,-0.086462915,-0.07852641,0.050057158,-0.04354368,-0.005721241,-0.0039067026,-0.08353964,-0.06645348,0.04709579,0.015049994,-0.028189095,-0.11584174,-0.08025727,-0.03434294,-0.1276106,-0.114236824,0.010377842,0.014930995,-0.019777207,1.0876716e-05,0.046246506,0.031646006,-0.038488902,-0.18066964,-0.11722533,0.083097994,-0.088328466,-0.12136896,-0.10847724,-0.06259305,-0.033865582,0.037118383,-0.08237756,-0.0037077416,2.6247808e-20,-0.024997653,-0.010282457,0.034989726,-0.02049339,-0.038214624,0.0032622765,-0.015928404,-0.044568975,0.011627023,0.10975686,-0.04038108,-0.07682961,-0.17685938,-0.018492244,-0.012484623,-0.06993953
0.11683933,-0.007911029,0.0075814435,-0.106548026,-0.13688256,-0.045468282,-0.05153005,-0.13361996,-0.0555856,-0.005427967,-0.020531239,-0.055062704,-0.10373953,-0.039357364,-0.015772171,0.053149026,-0.04627177,-0.052496832,0.03381683,0.022786511,-0.13237602,-0.060692497,-0.10896997,-0.1132748,0.06602096,-0.09673055,-0.027262425,-0.07555066,-0.0084261345,-0.025804581,-0.04044386,-0.02600854,-0.04093018,-0.0071641784,-0.014104707,-0.094063275,0.039183307,-0.045385323,-0.022818761,-0.008515563,-0.054819632,0.052160714,-0.061718807,-0.02999672,-0.08869283,-0.04652259,-0.09720205,0.006161995,-0.01421026,-0.056349687,-0.037630673,-0.08627255,-0.038167823,-0.014061975,-0.104047835,-0.07708435,-0.008057988,-0.04165292,-0.08915071,-0.11740064,0.051984306,-0.100482054,-0.01761502,-0.11392002,-0.05264905,-0.06558604,-0.08163866,0.00047852853,-8.4416866e-22,-0.0643966,0.0661246,0.009424911,0.0701234,-0.12035817,-0.102579825,-0.05119014,-0.08037838,0.06798919,-0.067468524,-0.015981182,0.013450408,-0.054763608,-0.023379356,-0.03292625,-0.07663008,-0.18090072,-0.021328311,-0.01653825,0.017410079,0.04764204,-0.024997631,0.004942563,-0.04063729,-0.08459827,0.018767772,-0.03512401,-0.064858146,-0.094545096,-0.084545135,-0.057186235
0.015729982,-0.010462219,-0.016415812,-0.013983229,-0.006037332,0.084207356,-0.025815219,0.13648143,0.016361602,0.05654947,-0.0056575555,0.073745,0.08566148,0.038080327,0.0022665674,-0.01893554,0.12997538,0.017961897,-0.019628251,0.05727058,0.058302935,0.018841233,0.09346793,0.10224158,0.080539785,0.03614821,0.027976839,0.0007642747,0.031054812,0.022584826,0.07868449,-0.026837517,-0.0013056203,-0.007517461,0.084522136,0.08996378,-0.03927248,-0.019689998,0.06551402,-0.04775694,0.10397859,0.04368942,0.077357076,-0.00052238116,0.09952719,0.036166053,0.090983644,-0.015290418,-0.030367298,0.059473373,0.010039341,-0.047983855,0.08054209,0.01506946,0.019947663,0.09327027,0.08122923,-0.013643651,0.038469225,0.013614608,0.03223202,-0.07916021,0.07781709,0.042065214,0.004878369,-0.07132458,0.027992897,0.05125861,0.0051713954,0.098087534,-0.024173982,0.014524104,0.04454674,-0.0124877505,0.10759385,0.026530784,-0.062136054,-0.07858238,0.028261818,-0.00036412012,-0.07170727,0.07465055,0.0029990936,1.7141325e-19,-0.0068122963,0.012477445,0.062245224,-0.008622469,-0.04125341,0.018405061,0.039814536,0.009254783,0.065884896,0.03195116,-0.11110482,-0.13649462,0.050658166,0.022487361,0.048472334,-0.023478227
0.007174677,-0.025441466,0.003075364,-0.03884382,-0.05093843,0.023850158,-0.023416482,-0.06518503,-0.046529163,-0.08711585,-0.07279729,0.038122397,-0.09529703,-0.020127328,-0.011594683,-0.053947486,0.020345887,-0.06100674,-0.005700038,-0.014908653,-0.07885656,-0.045789644,-0.013335518,0.008773326,-0.021570979,-0.04919795,0.0054498934,0.0052411524,-0.07265948,-0.07146035,-0.0147219645,-0.042982962,-0.06455868,0.020751933,-0.03597073,0.019514732,-0.10326014,-0.022269718,-0.07483021,-0.03737261,-0.13461353,-0.02595727,-0.022854459,0.017567286,-0.06815584,-0.029696532,0.08103039,-0.080479704,-0.10339003,-0.011790203,-0.09811469,-0.033162422,-0.008921393,-0.082719885,-0.100547895,-0.06700584,0.044332217,-0.1946196,-0.054145474,-0.07363536,-0.03602712,-0.06687203,-0.060086075,0.018948004,0.04975512,-0.16749594,-0.15778492,-0.023792561,-0.00017790115,-0.11362607,-0.015445622,0.0024940304,-0.012333867,-0.06331754,-0.10470655,-0.06326876,0.013890629,-0.10989214,-0.03965381,-0.033788104,0.049127363,0.030588778,-0.01729179,1.8532067e-20,-0.017461931,-0.032547135,0.05421997,0.01951265,-0.013934747,-0.054637633,0.043272443,-0.07479615,-0.024447184,-0.047840998,0.044853497,-0.011888397,-0.039086353,-0.08510137,-0.05859407,0.0026548817
0.027972233,-0.07804058,-0.07262917,-0.09171698,0.007510992,-0.024246749,-0.078173466,-0.06306096,-0.0280344,-0.04168978,-0.02360556,-0.037306994,-0.05701703,-0.055029694,0.037220452,-0.036898408,0.05253469,-0.057997685,-0.008133382,-0.11326223,-0.011673079,0.016370855,0.0230409,0.009893867,-0.09183721,0.04008298,0.008219446,-0.01420862,-0.052493468,0.0469886,-0.09408952,-0.036759175,-0.040101487,-0.080681846,0.0022054997,-0.08873862,-0.07891873,0.006559224,-0.023561385,0.0048189242,-0.033084806,0.05480049,-0.10962961,-0.085800044,-0.021199675,-0.011240746,-0.043851305,-0.0604373,-0.00052014546,-0.00033043275,0.024514452,0.094989024,-0.005406288,-0.019795636,-0.11465847,0.06843545,-0.05864346,-0.06731667,-0.10523733,-0.03842732,-0.010393229,0.046276085,-0.15976693,-0.038856782,0.05362621,-0.011914207,-0.07902766,-0.021727743,-9.241839e-05,-0.027119884,-0.018101856,-0.065715194,-0.0011023963,0.018514223,-0.015470867,-0.017186621,0.0012249034,-0.06759287,-0.06052887,-0.09844682,-0.07366706,0.018051006,-0.05338278,5.493391e-15,-0.007569782,-0.029792396,-0.04435342,-0.037985533,-0.0699075,-0.05200579,-0.058282148,0.028649533,-0.01471087,-0.074234225,-0.06986035,0.037600376,-0.042098057,-0.05828166,-0.11908233,-3.2014338e-16
0.08642627,0.08843458,0.082806446,0.08314044,0.005960708,-0.0019296088,0.045005396,0.14010131,0.08658617,0.07799087,0.06680087,0.11307554,0.06233874,0.05033965,0.060537636,0.07830807,0.09103647,0.048381966,0.03553973,0.09315531,0.111619145,0.1133978,0.034470297,0.032997295,0.071240984,0.07046196,-0.045905605,0.15449813,0.10634865,0.13306981,0.013122991,0.07524386,0.14092113,-0.0015486171,0.026569454,-0.005362504,0.036351375,0.06187484,0.061099447,0.059777208,-0.049631443,0.04312313,0.006497806,0.08536002,0.09146385,0.16577096,0.08643814,-0.016153587,0.09253824,0.022949595,-0.013437618,0.10305045,0.05089396,-0.015462475,0.0004270063,0.12517393,0.047453742,0.05865671,0.018948777,0.066884734,0.115363136,0.041626025,0.024201464,0.06243421,0.06803341,0.11962809,0.037211075,-0.041414294,-0.0007702133,0.067528255,0.058167838,0.028156608,0.102584615,0.07011947,0.051629268,-0.13987626,0.05556714,0.08047958,-0.014460957,-0.008047717,-0.009079562,-0.011006493,0.0625517,-0.012754764,0.11436164,0.0784711,0.07599167,0.039275102,0.08652856,0.035829317,-0.01106225,0.08987426,0.08561077,0.23906478,0.15283446,0.094929256,-0.016078688,0.07510819,-0.052342344,1.424193e-15
0.05898251,-0.024624113,0.07127721,-0.024320845,0.0012816502,-0.02147711,-0.0811258,-0.079231575,0.01604267,0.02914591,-0.018542914,0.04693194,0.02722457,-0.036033362,0.019344524,-0.058013447,-0.019477576,0.048608813,-0.034948565,0.102235116,-0.046171904,0.06276977,-0.010035161,0.06625929,-0.0068152593,0.009537868,0.02451104,0.11444394,0.06548024,0.04411808,0.05849371,0.03846012,0.06918899,0.07454434,-0.0128281675,0.048595335,-0.0617135,0.03549128,-0.013280533,0.039498173,0.011889776,0.03917109,0.04707722,0.049912408,-0.047700018,-0.027051141,0.018874554,0.035715666,0.06487007,0.041235168,0.06253813,0.082962096,-0.01740132,0.02126177,0.11915545,0.05517555,-0.040196963,0.019038042,0.09624261,0.07857091,0.05581863,0.07868811,0.022569459,0.020337008,0.011357937,-0.11658716,0.021500824,0.011398586,8.074312e-24,0.061303176,0.019004956,-0.024959689,0.048575144,0.07263743,0.021559585,0.022759346,-0.009291098,0.031210262,0.06860992,0.05795233,0.07593419,0.15386216,-0.025179675,-2.7065394e-07,0.022310596,-0.013810614,0.02947595,0.067210995,-0.10263745,-0.015463485,-0.029454228,0.04123606,0.03708004,-0.07675869,0.08379182,0.031153232,0.06733403,0.030132163,-0.02445721,8.148146e-09
-0.15946127,-0.10637143,-0.09357682,0.038747843,-0.07129621,-0.0504156,-0.038634714,0.037370354,-0.010707179,-0.018649131,-0.02066175,-0.023226457,-0.048598535,0.016779533,-0.121052034,-0.110397704,-0.0202358,-0.009798142,-0.073081434,-0.08302805,0.03325656,-0.058651496,0.021758398,-0.068235815,-0.06878489,-0.09238632,0.007823058,-0.09270874,-0.014855952,-0.018369336,-0.1360349,-0.07184429,-0.04528677,-0.024344705,-0.0034571793,-0.08076171,-0.002231676,-0.015601994,-0.027274745,0.0050332067,-0.0740261,-0.07440871,-0.01272908,-0.024039552,-0.0072308937,-0.09622092,0.006748226,0.0034926648,-0.08397083,-0.06818159,-0.053012326,-0.09777778,-0.016324503,-0.091514006,-0.13813879,-0.07230498,-0.018309532,-0.108665526,-0.036291596,0.0006794745,-0.1279828,-0.026350737,-0.08475709,-0.025280822,-0.053537283,-0.021048537,-0.059112854,-0.052189756,0.00032949817,-0.054842405,0.085620396,0.025217189,-0.19015945,-0.06629322,-0.0047059986,-0.028344432,-0.10438109,-0.084942095,-0.06192677,-0.06779351,-0.04857452,-0.08003832,0.046007156,7.74665e-05,-0.031155022,-0.0040577142,-0.036497395,0.036625497,-0.101309136,-0.02267896,0.061603613,-0.03052172,0.034481235,-0.016087743,-0.050493352,-0.058734547,0.015421645,-0.11559256,-0.03369962,1.7099768e-15
-0.011832869,-0.010982886,0.009377284,-0.019015763,-0.045850962,-0.08898254,-0.13510785,-0.025757052,-0.025189195,0.0011717222,-0.050603338,-0.09532992,-0.017457828,0.025180232,-0.122263975,-0.08022015,-0.017892128,-0.055704467,-0.051837314,0.03293945,-0.03156441,-0.044985298,-0.058001056,-0.052598305,-0.04383475,-0.052637834,0.023739887,-0.07039699,-0.10394009,0.01396104,-0.13027956,-0.0632042,-0.06602578,-0.051164124,-0.056274593,-0.07681014,0.041122027,-0.026554367,-0.059829514,-0.05778664,-0.07688323,-0.059952553,-0.12144019,-0.048376936,-0.09514451,-0.021220114,-0.011012236,-0.003614929,-0.06389529,-0.0109582525,0.043968696,-0.031570755,-0.06364157,0.004359838,-0.07922532,0.07452262,-0.0015605165,-0.049430486,-0.15778351,-0.03917184,-0.067195356,-0.061943546,-0.07348724,-0.118984506,-0.049759306,-0.08392551,-0.05905575,-0.04188131,0.0031252396,-0.0335928,0.012991163,-0.1141166,-0.046509776,-0.036988858,-0.053123344,-0.11537287,-0.0981664,-0.0633431,-0.097689,-0.0076874197,0.037136488,-0.04385617,0.008529252,0.04232573,-0.06546751,0.058256984,-0.04877133,-0.065318815,-0.1607606,-0.02183079,0.010490767,-0.020411234,-0.060945906,-0.030829772,-0.05130698,-0.063447915,-0.04283911,-0.10405728,-0.057953596,-8.0482164e-16
0.06449018,-0.03032036,-0.035568744,-0.09817597,-0.045971148,-0.03972561,0.034533627,-0.00993192,-0.028876672,-0.13808358,-0.0011752261,-0.034945395,0.015263176,-0.06519655,0.079461135,0.015358518,-0.023358798,-0.062991574,-0.0044677346,-0.028021332,0.04071138,-0.097985566,-0.015715359,-0.05423279,-0.13430838,0.03375762,-0.038017754,-0.05651982,-0.0145769315,0.005345966,-0.017584847,0.025351321,0.08008677,-0.072410494,-0.076786526,0.015027499,-0.009761817,-0.0021585417,-0.03732914,-0.080687515,0.08690849,0.017739268,-0.15076235,-0.032475915,-0.04714165,-0.076598495,-0.077503,-0.0141545525,-0.061337434,-0.071799554,0.032691643,-0.033811565,-0.031545714,-0.009555796,-0.028591577,0.0011676421,-0.07181008,0.05100136,-0.011160586,-0.088362515,0.013474639,0.0065292874,-0.04180506,0.052347966,-0.009221798,-0.02653153,0.0013692694,-0.05711966,-4.1014788e-13,-0.037357625,-0.03219394,0.040680017,-0.008744128,-0.090478495,0.009347601,-0.0135428,0.03206192,-0.09030808,-0.043708645,-0.0714438,-0.058226332,-0.012445841,-0.03987169,0.0020931226,-0.015853085,0.09590446,-0.043877486,-0.035843488,0.03730752,0.0068410304,-0.017118497,-0.036972642,-0.0018303758,0.05704587,0.09972175,0.009053401,0.014326458,-0.011271951,-0.015412691,-0.0028060926
-0.048165366,-0.068180785,-0.067746796,0.12443313,0.034043927,0.025679732,0.051286444,-0.00016829102,-0.024386248,0.016065467,0.09251163,0.09351117,-0.030125225,0.09938186,0.032810483,-0.0013992705,-0.028423615,-0.051864672,0.032187726,0.03628497,0.00012632816,0.030510964,0.10975209,0.021259675,-0.011103754,0.11639673,0.11210459,-0.06171877,0.068226896,-0.105906434,-0.024253218,0.074189134,0.04814068,-0.0036784739,0.14279744,0.059669983,-0.0788834,-0.028943801,0.03572102,0.06497212,-0.05354084,-0.08593098,-0.024673298,-0.02165233,0.022663299,-0.03023612,0.0033679914,0.12752263,-0.029375061,0.049211778,0.027071137,0.08433882,0.051943522,-0.0073307655,-0.06860362,0.10612046,-0.07613701,0.121848755,0.06989518,0.05811546,-0.07658013,0.058049154,-0.05649923,0.011620242,0.07681002,0.02390829,0.02891127,-0.020209963,-6.6516364e-08,0.10364469,0.04209579,0.07425798,-0.054583747,0.045601856,-0.023440443,0.084045924,0.05288528,-0.058083948,0.01813481,-0.0034280368,0.068220064,-0.019302264,0.12489982,0.07574812,0.05395332,0.03157882,0.033549633,-0.04488312,0.03201606,-0.06553206,-0.019854689,0.01765436,0.044583727,0.016167333,0.03166896,0.052977458,-0.0342185,0.05193921,-0.11866431,0.00020614598
-0.032083824,0.07844707,0.07522318,0.044848304,0.002374711,-0.032535605,2.850084e-05,-0.020409923,-0.026686436,-0.0054427483,0.07723677,-0.11881534,-0.020506784,0.08517509,-0.032347053,0.028640697,0.01357182,-0.0050277673,0.06735828,0.023984881,-0.026140636,0.07312315,-0.14625268,-0.0011601986,0.018990502,0.012554408,-0.06209492,0.0315012,0.049505744,-0.10926582,-0.014496346,-0.013155125,0.022820815,0.020563,0.101966955,-0.07422263,-0.112627186,-0.0184965,0.06686324,0.006238841,-0.053464144,0.014666323,0.0001520847,0.010583937,-0.06690987,0.00948122,0.052470878,-0.014595494,0.043917455,-0.034732264,0.03473508,0.065217555,-0.1265832,-0.01557891,0.040710945,-0.010616893,0.01905944,0.044238742,-0.0413788,0.0004420038,0.025961062,0.05187587,-0.010309409,0.055469565,0.010520194,0.031099558,-0.06257328,0.008611596,0.062320843,-0.06236189,-0.014613158,-0.002193749,0.03723198,0.05299568,0.0018127549,-0.033710636,0.00083287235,0.09761139,0.009810859,0.09669788,-0.05890495,0.08306389,-0.037433382,-0.00977304,-0.03052145,-0.030974332,0.04482829,-0.072864346,0.01700701,-0.06612837,-0.021158613,-0.0038116134,-0.08349218,-0.038708355,-0.04937743,-0.04795511,0.002984056,0.043574166,0.08747017,0.0064375093
0.13344151,0.07414737,0.021433288,-0.10661141,0.006043485,-0.0430015,0.012787386,-0.0444355,-0.07195165,0.014068936,-0.05021155,-0.049057733,-0.06981406,-0.064871095,-0.0019487817,0.0072953817,-0.008926384,-0.09208645,0.055518173,0.004057959,-0.077850014,0.04101617,-0.0015260396,0.03417796,0.040025234,-0.038663954,-0.055877056,-0.034958966,-0.06188876,0.021930281,-0.015139827,-0.04717944,-0.07609899,0.050573852,0.0072807614,-0.020755608,-0.002668433,-0.025104718,-0.049438287,-0.022407748,-0.08053688,0.059420202,-0.077303864,-0.050028812,-0.016081126,-0.03737567,-0.018983947,-0.036111496,0.050929464,-0.02418915,0.013699904,-0.045344554,-0.024993032,-0.020072369,0.017080624,-0.05820506,-0.0065645142,-0.065528154,0.028679797,-0.04066383,-0.006288728,-0.10193958,-0.023331417,-0.007917133,-0.030393388,-0.026405836,-0.007100948,-0.0024920995,2.7605813e-07,-0.011950773,-0.018520407,-0.047240093,0.017451301,-0.06116783,-0.06645637,-0.035129618,-0.032353774,0.007276857,-0.068865135,-0.07845678,-0.0075009703,-0.0072227456,-0.09957742,9.0094693e-07,-0.072570086,-0.024812339,0.043200083,-0.00030881068,-0.013324247,-0.0043010707,0.06934896,-0.045450807,0.03315961,0.05771605,0.07796886,-0.028480776,-0.009867661,0.06035792,-0.018279549,-5.28738e-25
0.07403303,0.033107985,0.027817754,-0.035306826,0.034106888,-0.09607209,0.073377766,0.05392602,-0.06561269,-0.030340284,-0.021058692,-0.059592176,-0.0043506813,0.01664735,-0.045447998,0.029153893,-0.041039895,-0.023122823,0.006552709,0.014626439,0.029633775,0.06967264,-0.012185335,0.05618944,-0.0077256714,-0.09771661,-0.0036998666,-0.045655977,-0.06845545,0.0011579312,-0.057533763,0.021255383,0.024502365,-0.06145253,0.00822742,-0.04128116,-0.01952218,0.002708845,-0.016881987,0.029955827,-0.03953022,-0.0068028904,-0.06560688,0.049781658,-0.087464795,0.0067166393,0.01951205,0.03336586,-0.019415809,0.000118962176,-0.000894734,0.045710247,-0.063427046,-0.011646876,-0.0264858,0.043913405,0.0014826404,-0.030559018,-0.025378624,0.056966465,-0.03063228,-0.08144886,0.00076207484,-0.036602832,-0.047559056,-0.06740612,-0.009945611,-0.07236559,-1.8465371e-21,-0.034006286,0.0012740977,0.014522902,-0.04786868,-0.068178155,0.0077888537,0.030812593,0.018689761,0.0013011709,0.017329605,-0.089778595,0.015729733,-0.089004725,0.013470021,0.07795027,0.010508666,0.02782914,0.046006046,0.004077166,0.0053142966,0.03067951,-0.08395673,0.035095908,0.00938099,0.056017287,0.04238746,-0.052902855,0.004269592,-0.06380894,-0.041553754,-0.038949158
-0.060447272,-0.028208848,-0.01475831,-0.019777087,-0.013040872,0.007820886,-0.060325924,-0.07353715,-0.06572589,0.0288568,-0.094540805,-0.04654138,-0.059855156,-0.112851284,-0.07941745,0.04164402,-0.0747938,-0.07313069,-0.057005856,0.018166041,0.034676142,-0.013976279,-0.046926722,-0.04998252,-0.0022125987,-0.032171644,-0.016045207,0.056808818,0.015662605,0.024234597,0.07233993,0.11070492,-0.052972738,0.0012044029,-0.085058674,-0.0009621484,0.114911,0.020177877,-0.008743709,-0.054594964,0.022450326,-0.01033437,-0.027691243,-0.023743268,-0.013346016,-0.04414965,0.04702636,0.015805935,-0.016197905,-0.024506845,-0.036875043,0.00196676,-0.08211755,0.085551664,0.053272236,-0.008779736,0.058573518,-0.027818985,0.050954092,-0.07299584,0.046097685,0.009850935,-0.04241207,0.05264782,0.023545047,-0.0012552623,-0.008332047,-0.021021834,-1.0024722e-15,-0.027662238,-0.036983177,0.002662051,0.05333031,-0.042873546,0.05982931,-0.009874676,0.10837423,0.10288981,-0.09182929,-0.010534175,-0.04467934,0.019070804,-0.13105173,0.00024455244,0.013386702,-0.06550274,0.025990343,0.015918903,-0.017133199,0.023030221,-0.026027808,-0.017699458,-0.08178195,0.036779713,0.088284545,-0.028351406,0.007893922,0.034125715,0.0035996505,0.00021349623
-0.09008194,-0.0695229,-0.03464072,-0.09709405,-0.012539048,-0.09144292,-0.06072932,-0.1186016,-0.00014137375,-0.014621188,-0.033204127,-0.048795667,-0.027675742,-0.0530071,-0.026533678,-0.08109799,-0.053064357,-0.11686646,-0.122437626,-0.032286584,-0.039520014,-0.03698938,-0.014948435,-0.023170933,-0.05927608,-0.11263804,-0.08430781,-0.06831266,-0.03773092,0.023282193,0.027965894,-0.012810257,0.018391069,-0.101402014,-0.017108478,-0.0068892553,-0.007579586,-0.008408875,-0.019484978,0.024628233,0.026253765,-0.064879194,-0.08275985,-0.11086303,0.018457506,-0.08265934,-0.04274598,-0.111946754,-0.10814426,-0.017919682,-0.007823114,-0.030496325,-0.023733506,0.012224787,-0.043086447,0.0018619432,0.025845282,-0.030392082,-0.038202554,-0.010415972,-0.010723662,0.0613401,-0.06877189,-0.076248795,-0.013748891,0.0061898655,-0.07744767,0.053437855,-1.7562051e-19,0.013353693,0.013720221,0.05369885,-0.059407726,-0.016629767,-0.0043279952,-0.11555177,-0.06524303,0.017749716,0.043270044,-0.098997824,-0.11187032,-0.08226082,-0.12690032,-0.0042096563,-0.018518835,-0.028786363,-0.027203646,-0.0052375384,-0.049932145,0.02686398,-0.054663837,-0.050394293,-0.04483723,-0.004750981,-0.059619408,-0.03631745,-0.045763977,0.03526444,0.009294527,0.003661454
-0.002690887,0.03780338,0.028287154,0.06662496,0.001753373,0.07319499,0.057822112,0.0152635425,0.100271076,0.085732915,0.013122848,0.006506468,0.09520823,-0.00092927285,-0.020622382,0.027851015,0.112094425,-0.0009818159,0.048338696,-7.970478e-05,-0.008950958,0.11372767,0.101329386,-0.043252893,-0.021490257,0.06855562,0.045319345,0.08170092,0.048720345,0.044039816,0.09202861,0.059786253,0.03799837,-0.1271159,-0.0035849523,-0.015121104,0.0040358664,-0.05589586,-0.13462439,0.031318467,0.021870803,-0.053625014,0.011343991,0.011616798,0.05459086,0.021802489,0.011009792,-0.008016171,0.06255929,0.095156424,0.13988982,0.010687655,0.06644775,0.07027313,0.020268317,0.036922853,0.043202445,0.011173378,0.028539015,0.08928247,0.033606023,0.035564926,0.07434005,0.034921918,-0.0059099575,0.0119221425,0.08112937,0.04327799,3.995784e-15,0.046322875,0.0074102404,-0.05179621,0.024124801,0.057066094,0.034418788,-0.058890596,0.09899623,0.09344793,0.094434254,-0.020335918,0.06857095,0.15311168,-0.025606902,7.830855e-14,-0.045837883,-0.0035076032,-0.003806101,0.09168474,-0.068786845,-0.01314441,0.00041113817,0.011243187,0.059788153,0.08340945,0.04220882,-0.06838442,0.06500277,-0.04800514,0.06783783,2.0990314e-09
